DateTime,Temp_int,Temp_ext,SolarRad_ext,PAR_int
18/06/2015 00:00,20.02,16.7,0,0
18/06/2015 00:10,19.92,16.5,0,0
18/06/2015 00:20,19.86,16.4,0,0
18/06/2015 00:30,19.74,16.2,0,-0.338
18/06/2015 00:40,19.6,16.2,0,0
18/06/2015 00:50,19.57,16.1,0,0
18/06/2015 01:00,19.48,16,0,0
18/06/2015 01:10,19.45,15.9,0,-0.338
18/06/2015 01:20,19.29,15.8,0,0
18/06/2015 01:30,19.03,15.7,0,0
18/06/2015 01:40,19.06,15.6,0,0
18/06/2015 01:50,18.89,15.4,0,0.338
18/06/2015 02:00,18.75,15.3,0,0
18/06/2015 02:10,18.72,15.2,0,0
18/06/2015 02:20,18.71,15.1,0,0
18/06/2015 02:30,18.52,15.2,0,0
18/06/2015 02:40,18.59,15.1,0,0
18/06/2015 02:50,18.56,15,0,0
18/06/2015 03:00,18.36,15,0,0
18/06/2015 03:10,18.39,14.9,0,-0.338
18/06/2015 03:20,18.2,14.8,0,0
18/06/2015 03:30,18.15,14.7,0,0
18/06/2015 03:40,18.15,14.6,0,0
18/06/2015 03:50,18.01,14.6,0,0
18/06/2015 04:00,18.06,14.5,0,0
18/06/2015 04:10,18.03,14.5,0,0
18/06/2015 04:20,17.9,14.5,0,0.338
18/06/2015 04:30,17.9,14.4,0,-0.338
18/06/2015 04:40,17.85,14.3,0,0
18/06/2015 04:50,17.78,14.2,0,0
18/06/2015 05:00,17.8,14.1,0,0
18/06/2015 05:10,17.68,14,0,0
18/06/2015 05:20,17.54,14,0,0.338
18/06/2015 05:30,17.43,13.9,0,-0.338
18/06/2015 05:40,17.38,14,0,-0.338
18/06/2015 05:50,17.43,13.9,0,-0.338
18/06/2015 06:00,17.2,13.7,2,0.338
18/06/2015 06:10,17.19,13.7,6,0.676
18/06/2015 06:20,17.12,13.6,14,1.353
18/06/2015 06:30,17.09,14,28,2.368
18/06/2015 06:40,17.01,14.3,43,4.06
18/06/2015 06:50,17.06,14.7,61,5.074
18/06/2015 07:00,17.12,15.1,81,6.766
18/06/2015 07:10,17.22,15.5,59,9.13
18/06/2015 07:20,17.28,15.9,127,10.49
18/06/2015 07:30,17.46,16.5,148,14.55
18/06/2015 07:40,17.88,16.9,173,16.58
18/06/2015 07:50,18.45,17.1,200,20.3
18/06/2015 08:00,18.9,17.9,225,24.02
18/06/2015 08:10,19.18,18.5,252,29.09
18/06/2015 08:20,19.81,19.3,278,35.18
18/06/2015 08:30,19.99,20,299,46.68
18/06/2015 08:40,20.76,20.2,326,49.04
18/06/2015 08:50,21.63,20.5,349,57.16
18/06/2015 09:00,21.87,21.1,376,75.1
18/06/2015 09:10,22.49,21.1,402,65.28
18/06/2015 09:20,22.97,22.1,432,66.62
18/06/2015 09:30,23.39,22.7,457,71.7
18/06/2015 09:40,23.86,23.3,487,75.8
18/06/2015 09:50,24.37,23,510,91
18/06/2015 10:00,24.99,24,534,84.9
18/06/2015 10:10,25.48,23.7,559,112.9
18/06/2015 10:20,25.64,23.8,577,148.7
18/06/2015 10:30,26.42,24.7,593,166
18/06/2015 10:40,26.7,24.6,620,208.2
18/06/2015 10:50,27.41,24.8,645,193
18/06/2015 11:00,26.48,25.7,661,118.6
18/06/2015 11:10,26.25,25.8,681,119.6
18/06/2015 11:20,26.47,26.5,702,125
18/06/2015 11:30,26.7,25.4,699,129.4
18/06/2015 11:40,26.25,27.5,742,129.1
18/06/2015 11:50,26.23,25.4,791,132.1
18/06/2015 12:00,26.42,25.9,800,148.7
18/06/2015 12:10,26.67,27,281,229.1
18/06/2015 12:20,27,27.5,896,248.6
18/06/2015 12:30,26.74,25.4,927,159.8
18/06/2015 12:40,26.75,28.7,994,247.3
18/06/2015 12:50,27.31,25.8,375,282.1
18/06/2015 13:00,26.65,25.1,272,91.2
18/06/2015 13:10,26.04,24.4,227,57.09
18/06/2015 13:20,26.1,24.3,260,50.34
18/06/2015 13:30,26.31,24.6,340,60.81
18/06/2015 13:40,26.7,24.7,381,85.5
18/06/2015 13:50,26.74,24.8,302,90.9
18/06/2015 14:00,26.81,24.2,210,66.55
18/06/2015 14:10,26.24,23.6,235,42.91
18/06/2015 14:20,25.77,23.9,349,51.01
18/06/2015 14:30,25.85,24.1,314,87.9
18/06/2015 14:40,26.24,24.2,272,76
18/06/2015 14:50,26.49,24,279,65.55
18/06/2015 15:00,26.34,24.6,311,68.25
18/06/2015 15:10,26.47,24.6,227,78.4
18/06/2015 15:20,26.31,24.5,302,48.32
18/06/2015 15:30,26.28,24.6,288,69.61
18/06/2015 15:40,26.53,24.3,239,72.3
18/06/2015 15:50,26.39,24.3,266,53.05
18/06/2015 16:00,26.02,24.5,288,62.51
18/06/2015 16:10,26.13,25,225,70.6
18/06/2015 16:20,26.7,24.6,283,48.32
18/06/2015 16:30,26.24,24.9,800,65.89
18/06/2015 16:40,26.61,26.6,682,360.2
18/06/2015 16:50,27.5,28,876,244
18/06/2015 17:00,27.84,26.1,432,105.4
18/06/2015 17:10,27.92,25.4,354,84.8
18/06/2015 17:20,27.59,25.8,764,105.1
18/06/2015 17:30,27.39,25.3,307,206.8
18/06/2015 17:40,26.98,25.5,311,126.7
18/06/2015 17:50,27,25.3,336,78
18/06/2015 18:00,27.12,24.5,541,82.1
18/06/2015 18:10,26.43,24,457,156.1
18/06/2015 18:20,26.52,23.8,428,141.6
18/06/2015 18:30,26.36,23.5,401,98
18/06/2015 18:40,26.39,23.5,372,84.5
18/06/2015 18:50,26.15,23.1,354,93.9
18/06/2015 19:00,26.25,23,325,67.57
18/06/2015 19:10,26.61,22.7,300,58.79
18/06/2015 19:20,26.51,22.6,271,52.7
18/06/2015 19:30,26.39,22.2,249,45.62
18/06/2015 19:40,26.54,21.7,226,39.86
18/06/2015 19:50,26.55,21.6,202,35.82
18/06/2015 20:00,26.16,21.2,177,30.41
18/06/2015 20:10,26.05,21.3,156,27.71
18/06/2015 20:20,25.84,20.7,134,23.99
18/06/2015 20:30,25.55,19.9,114,21.63
18/06/2015 20:40,24.78,19.8,93,17.57
18/06/2015 20:50,24.28,19.4,75,14.87
18/06/2015 21:00,24.12,18.8,48,12.16
18/06/2015 21:10,23.38,18.1,21,7.1
18/06/2015 21:20,22.63,17.7,14,4.731
18/06/2015 21:30,22.11,17.4,8,3.717
18/06/2015 21:40,21.66,17.3,3,1.69
18/06/2015 21:50,21.29,17.4,1,1.014
18/06/2015 22:00,20.94,17.4,0,0.676
18/06/2015 22:10,20.98,17.3,0,0
18/06/2015 22:20,20.81,17.3,0,0
18/06/2015 22:30,20.47,17.3,0,0
18/06/2015 22:40,20.27,17.4,0,0
18/06/2015 22:50,20.31,17.5,0,-0.338
18/06/2015 23:00,20.45,17.5,0,0
18/06/2015 23:10,20.17,17.5,0,0
18/06/2015 23:20,19.93,17.6,0,0
18/06/2015 23:30,20.11,17.6,0,-0.338
18/06/2015 23:40,20.21,17.6,0,0
18/06/2015 23:50,20.24,17.5,0,0
22/06/2015 00:00,22.39,,,0
22/06/2015 00:10,22.16,,,0
22/06/2015 00:20,21.99,,,0
22/06/2015 00:30,21.85,,,0.338
22/06/2015 00:40,21.71,,,0
22/06/2015 00:50,21.64,,,0
22/06/2015 01:00,21.49,,,0
22/06/2015 01:10,21.39,,,0
22/06/2015 01:20,21.29,,,0.338
22/06/2015 01:30,21.22,,,0
22/06/2015 01:40,21.08,,,0
22/06/2015 01:50,20.93,,,0
22/06/2015 02:00,20.94,,,0
22/06/2015 02:10,20.81,,,0
22/06/2015 02:20,20.71,,,0
22/06/2015 02:30,20.44,,,0
22/06/2015 02:40,20.32,,,0
22/06/2015 02:50,20.25,,,-0.338
22/06/2015 03:00,20.12,,,0
22/06/2015 03:10,20.04,,,0
22/06/2015 03:20,20.05,,,0
22/06/2015 03:30,19.98,,,0
22/06/2015 03:40,19.94,,,0
22/06/2015 03:50,19.78,,,0
22/06/2015 04:00,19.75,,,0
22/06/2015 04:10,19.63,,,0
22/06/2015 04:20,19.63,,,0
22/06/2015 04:30,19.48,,,-0.338
22/06/2015 04:40,19.4,,,0.338
22/06/2015 04:50,19.32,,,0
22/06/2015 05:00,19.27,,,0
22/06/2015 05:10,19.25,,,0.338
22/06/2015 05:20,19.17,,,0
22/06/2015 05:30,19,,,0.338
22/06/2015 05:40,18.97,,,0
22/06/2015 05:50,18.71,,,0.338
22/06/2015 06:00,18.61,,,0
22/06/2015 06:10,18.64,,,0
22/06/2015 06:20,18.64,,,1.353
22/06/2015 06:30,18.58,,,1.691
22/06/2015 06:40,18.56,,,2.368
22/06/2015 06:50,18.55,,,3.721
22/06/2015 07:00,18.53,,,6.088
22/06/2015 07:10,18.64,,,7.44
22/06/2015 07:20,18.79,,,10.82
22/06/2015 07:30,19.11,,,13.87
22/06/2015 07:40,19.31,,,16.24
22/06/2015 07:50,19.69,,,19.62
22/06/2015 08:00,20.31,,,23
22/06/2015 08:10,20.74,,,28.07
22/06/2015 08:20,21.28,,,34.84
22/06/2015 08:30,21.76,,,45.66
22/06/2015 08:40,22.56,,,50.39
22/06/2015 08:50,23.01,,,59.52
22/06/2015 09:00,23.54,,,74.7
22/06/2015 09:10,23.93,,,66.28
22/06/2015 09:20,24.66,,,68.3
22/06/2015 09:30,25.22,,,72
22/06/2015 09:40,25.79,,,75.4
22/06/2015 09:50,26.34,,,97.7
22/06/2015 10:00,26.75,,,83.8
22/06/2015 10:10,27.37,,,110.9
22/06/2015 10:20,26.74,,,153.5
22/06/2015 10:30,26.75,,,198.4
22/06/2015 10:40,26.85,,,230.5
22/06/2015 10:50,27.02,,,184.9
22/06/2015 11:00,27.09,,,116.9
22/06/2015 11:10,27.54,,,113.2
22/06/2015 11:20,27.73,,,118.3
22/06/2015 11:30,27.63,,,121
22/06/2015 11:40,28.55,,,126.4
22/06/2015 11:50,29.08,,,129.4
22/06/2015 12:00,28.68,,,134.1
22/06/2015 12:10,28.81,,,203.3
22/06/2015 12:20,29.45,,,267.2
22/06/2015 12:30,29.43,,,150.7
22/06/2015 12:40,29.7,,,193.2
22/06/2015 12:50,29.45,,,264.1
22/06/2015 13:00,29.96,,,314.1
22/06/2015 13:10,29.97,,,367.1
22/06/2015 13:20,30.07,,,158.4
22/06/2015 13:30,30.12,,,158.4
22/06/2015 13:40,30.06,,,168.9
22/06/2015 13:50,30.75,,,205.7
22/06/2015 14:00,30.92,,,313
22/06/2015 14:10,31.37,,,280.3
22/06/2015 14:20,30.64,,,353.5
22/06/2015 14:30,30.72,,,405.2
22/06/2015 14:40,30.9,,,322.1
22/06/2015 14:50,30.8,,,311
22/06/2015 15:00,31.52,,,428.2
22/06/2015 15:10,31.8,,,308
22/06/2015 15:20,31.71,,,257.3
22/06/2015 15:30,31.52,,,355.6
22/06/2015 15:40,32.13,,,250.2
22/06/2015 15:50,32.19,,,235.3
22/06/2015 16:00,32.21,,,165.4
22/06/2015 16:10,31.8,,,181.3
22/06/2015 16:20,31.69,,,160.4
22/06/2015 16:30,31.75,,,285.3
22/06/2015 16:40,31.74,,,300.1
22/06/2015 16:50,31.94,,,230.6
22/06/2015 17:00,31.59,,,197.2
22/06/2015 17:10,31.48,,,200.9
22/06/2015 17:20,31.1,,,162.4
22/06/2015 17:30,30.75,,,179.3
22/06/2015 17:40,31.1,,,164.4
22/06/2015 17:50,30.9,,,224.2
22/06/2015 18:00,30.82,,,198.2
22/06/2015 18:10,30.82,,,114.5
22/06/2015 18:20,30.63,,,148.6
22/06/2015 18:30,30.6,,,105.7
22/06/2015 18:40,30.61,,,89.5
22/06/2015 18:50,30.37,,,98.3
22/06/2015 19:00,30.31,,,70.2
22/06/2015 19:10,29.99,,,61.79
22/06/2015 19:20,30.03,,,54.36
22/06/2015 19:30,29.57,,,46.94
22/06/2015 19:40,29.49,,,41.2
22/06/2015 19:50,29.14,,,36.47
22/06/2015 20:00,28.81,,,31.75
22/06/2015 20:10,28.55,,,28.71
22/06/2015 20:20,28.22,,,22.97
22/06/2015 20:30,27.8,,,21.61
22/06/2015 20:40,27.14,,,18.24
22/06/2015 20:50,26.81,,,14.52
22/06/2015 21:00,26.07,,,12.5
22/06/2015 21:10,25.71,,,10.47
22/06/2015 21:20,25.41,,,4.729
22/06/2015 21:30,25.22,,,2.702
22/06/2015 21:40,24.76,,,2.027
22/06/2015 21:50,24.36,,,0.676
22/06/2015 22:00,24.08,,,0.338
22/06/2015 22:10,23.69,,,0.338
22/06/2015 22:20,23.4,,,0
22/06/2015 22:30,22.91,,,0
22/06/2015 22:40,22.73,,,0
22/06/2015 22:50,22.33,,,0
22/06/2015 23:00,22.14,,,0
22/06/2015 23:10,21.99,,,0
22/06/2015 23:20,21.8,,,-0.338
22/06/2015 23:30,21.49,,,0.338
22/06/2015 23:40,21.31,,,0
22/06/2015 23:50,21.2,,,0
24/06/2015 00:00,20.52,,,0
24/06/2015 00:10,20.48,,,0
24/06/2015 00:20,20.13,,,0
24/06/2015 00:30,20.12,,,0
24/06/2015 00:40,20.05,,,0
24/06/2015 00:50,19.84,,,0
24/06/2015 01:00,19.6,,,0.338
24/06/2015 01:10,19.6,,,0
24/06/2015 01:20,19.47,,,0
24/06/2015 01:30,19.38,,,0
24/06/2015 01:40,19.29,,,0.338
24/06/2015 01:50,19.17,,,0
24/06/2015 02:00,18.98,,,0
24/06/2015 02:10,18.93,,,0
24/06/2015 02:20,18.71,,,0
24/06/2015 02:30,18.75,,,0
24/06/2015 02:40,18.69,,,0
24/06/2015 02:50,18.56,,,0
24/06/2015 03:00,18.34,,,0
24/06/2015 03:10,18.23,,,0.338
24/06/2015 03:20,18.19,,,0
24/06/2015 03:30,17.88,,,0
24/06/2015 03:40,17.72,,,0
24/06/2015 03:50,17.65,,,0
24/06/2015 04:00,17.55,,,0
24/06/2015 04:10,17.47,,,0
24/06/2015 04:20,17.54,,,0
24/06/2015 04:30,17.35,,,0.338
24/06/2015 04:40,17.42,,,0
24/06/2015 04:50,17.37,,,0.338
24/06/2015 05:00,17.29,,,0
24/06/2015 05:10,17.12,,,0
24/06/2015 05:20,16.94,,,0
24/06/2015 05:30,16.81,,,0
24/06/2015 05:40,16.87,,,0
24/06/2015 05:50,16.59,,,0
24/06/2015 06:00,16.66,,,0
24/06/2015 06:10,16.53,,,0
24/06/2015 06:20,16.49,,,0.677
24/06/2015 06:30,16.37,,,2.03
24/06/2015 06:40,16.37,,,3.384
24/06/2015 06:50,16.52,,,5.075
24/06/2015 07:00,16.85,,,6.429
24/06/2015 07:10,17.01,,,8.46
24/06/2015 07:20,17.25,,,10.15
24/06/2015 07:30,17.55,,,13.2
24/06/2015 07:40,17.89,,,16.58
24/06/2015 07:50,18.34,,,19.96
24/06/2015 08:00,18.7,,,23.35
24/06/2015 08:10,19.08,,,27.74
24/06/2015 08:20,19.41,,,33.49
24/06/2015 08:30,19.69,,,46.68
24/06/2015 08:40,20.46,,,52.44
24/06/2015 08:50,20.96,,,58.86
24/06/2015 09:00,21.39,,,75.1
24/06/2015 09:10,22.2,,,68.66
24/06/2015 09:20,22.44,,,68.32
24/06/2015 09:30,22.9,,,71.7
24/06/2015 09:40,23.65,,,75.1
24/06/2015 09:50,24.09,,,97
24/06/2015 10:00,24.46,,,83.2
24/06/2015 10:10,25.04,,,110.6
24/06/2015 10:20,25.65,,,157.5
24/06/2015 10:30,26.21,,,206.2
24/06/2015 10:40,26.82,,,234.9
24/06/2015 10:50,27.16,,,185.2
24/06/2015 11:00,26.78,,,114.9
24/06/2015 11:10,26.89,,,117.9
24/06/2015 11:20,26.79,,,119.3
24/06/2015 11:30,26.82,,,127.1
24/06/2015 11:40,26.94,,,125.4
24/06/2015 11:50,26.97,,,130.4
24/06/2015 12:00,27.13,,,136.8
24/06/2015 12:10,26.66,,,185.5
24/06/2015 12:20,27.13,,,277.1
24/06/2015 12:30,26.7,,,152.7
24/06/2015 12:40,27.89,,,176.4
24/06/2015 12:50,27.81,,,273.6
24/06/2015 13:00,28.34,,,335.5
24/06/2015 13:10,28.03,,,392.9
24/06/2015 13:20,27.89,,,159.1
24/06/2015 13:30,28.41,,,157.8
24/06/2015 13:40,27.64,,,163.5
24/06/2015 13:50,27.88,,,193.2
24/06/2015 14:00,28,,,318.9
24/06/2015 14:10,29.03,,,288.8
24/06/2015 14:20,28.87,,,335.1
24/06/2015 14:30,28.3,,,416.5
24/06/2015 14:40,28.54,,,317.8
24/06/2015 14:50,28.45,,,304.3
24/06/2015 15:00,28.68,,,439.7
24/06/2015 15:10,28.87,,,319.5
24/06/2015 15:20,28.81,,,263.4
24/06/2015 15:30,29.19,,,369.5
24/06/2015 15:40,29.18,,,273.2
24/06/2015 15:50,29.31,,,270.5
24/06/2015 16:00,28.69,,,154.7
24/06/2015 16:10,29.08,,,172.9
24/06/2015 16:20,29.5,,,148.9
24/06/2015 16:30,29.53,,,308.3
24/06/2015 16:40,30.46,,,286.1
24/06/2015 16:50,29.58,,,217.8
24/06/2015 17:00,29.63,,,209.4
24/06/2015 17:10,31.11,,,214.5
24/06/2015 17:20,30.37,,,214.5
24/06/2015 17:30,30.58,,,198.2
24/06/2015 17:40,30.04,,,174.3
24/06/2015 17:50,29.94,,,197.9
24/06/2015 18:00,30.18,,,214.5
24/06/2015 18:10,29.84,,,117.5
24/06/2015 18:20,30.3,,,137.5
24/06/2015 18:30,30.13,,,105.7
24/06/2015 18:40,30.67,,,87.1
24/06/2015 18:50,29.91,,,104.4
24/06/2015 19:00,29.66,,,67.88
24/06/2015 19:10,29.81,,,60.79
24/06/2015 19:20,30.06,,,52.68
24/06/2015 19:30,29.97,,,45.26
24/06/2015 19:40,29.64,,,39.86
24/06/2015 19:50,29.69,,,34.79
24/06/2015 20:00,29.66,,,30.74
24/06/2015 20:10,29.52,,,27.36
24/06/2015 20:20,29.19,,,24.32
24/06/2015 20:30,28.95,,,21.62
24/06/2015 20:40,28.8,,,18.24
24/06/2015 20:50,28.38,,,14.86
24/06/2015 21:00,27.92,,,12.16
24/06/2015 21:10,27.42,,,8.78
24/06/2015 21:20,26.77,,,5.742
24/06/2015 21:30,26.07,,,3.378
24/06/2015 21:40,25.81,,,1.689
24/06/2015 21:50,25.45,,,0.676
24/06/2015 22:00,25.2,,,0.676
24/06/2015 22:10,24.85,,,0
24/06/2015 22:20,24.59,,,0
24/06/2015 22:30,24.19,,,0
24/06/2015 22:40,23.9,,,0
24/06/2015 22:50,23.7,,,0
24/06/2015 23:00,23.42,,,0
24/06/2015 23:10,23.36,,,0
24/06/2015 23:20,23.22,,,0
24/06/2015 23:30,23.13,,,0
24/06/2015 23:40,22.71,,,0
24/06/2015 23:50,22.63,,,0
05/08/2015 00:00,21.81,19.2,0,-0.338
05/08/2015 00:10,21.62,19,0,0
05/08/2015 00:20,21.44,18.8,0,0
05/08/2015 00:30,21.29,18.6,0,0
05/08/2015 00:40,21.12,18.5,0,0
05/08/2015 00:50,21.03,18.4,0,0
05/08/2015 01:00,20.89,18.2,0,0
05/08/2015 01:10,20.83,18.1,0,0
05/08/2015 01:20,20.51,17.7,0,0
05/08/2015 01:30,20.39,17.7,0,0
05/08/2015 01:40,20.23,17.7,0,0
05/08/2015 01:50,20.1,17.4,0,0
05/08/2015 02:00,20.1,17.8,0,-0.338
05/08/2015 02:10,19.99,17.8,0,0.338
05/08/2015 02:20,20,17.4,0,-0.338
05/08/2015 02:30,19.95,17.6,0,-0.338
05/08/2015 02:40,19.88,17.6,0,0
05/08/2015 02:50,19.8,17.5,0,0
05/08/2015 03:00,19.78,17.4,0,0
05/08/2015 03:10,19.71,17.2,0,-0.338
05/08/2015 03:20,19.69,17.2,0,0
05/08/2015 03:30,19.68,17,0,0
05/08/2015 03:40,19.61,16.9,0,-0.338
05/08/2015 03:50,19.57,16.9,0,0.338
05/08/2015 04:00,19.6,17,0,0
05/08/2015 04:10,19.6,17,0,0
05/08/2015 04:20,19.49,16.9,0,0
05/08/2015 04:30,19.49,16.9,0,0
05/08/2015 04:40,19.47,16.7,0,0
05/08/2015 04:50,19.24,16.7,0,-0.338
05/08/2015 05:00,19.25,16.6,0,-0.338
05/08/2015 05:10,19.22,16.5,0,0
05/08/2015 05:20,19.24,16.4,0,0.338
05/08/2015 05:30,19,16.4,0,0
05/08/2015 05:40,18.95,16.3,0,0
05/08/2015 05:50,18.89,16.5,0,0
05/08/2015 06:00,18.78,16.5,0,0.338
05/08/2015 06:10,18.79,16.3,0,-0.338
05/08/2015 06:20,18.8,16.2,0,0
05/08/2015 06:30,18.73,16.5,1,0
05/08/2015 06:40,18.75,16.5,3,0.338
05/08/2015 06:50,18.72,16.5,8,1.015
05/08/2015 07:00,18.82,16.9,21,1.015
05/08/2015 07:10,18.79,17.2,36,3.046
05/08/2015 07:20,18.85,17.4,32,4.739
05/08/2015 07:30,18.92,17.5,69,5.754
05/08/2015 07:40,18.96,18,95,8.46
05/08/2015 07:50,18.97,18.5,117,11.51
05/08/2015 08:00,19.05,18.8,136,13.88
05/08/2015 08:10,19.31,19.1,165,17.26
05/08/2015 08:20,19.64,19.5,195,21.32
05/08/2015 08:30,19.85,19.8,224,25.05
05/08/2015 08:40,20.21,20.4,253,31.82
05/08/2015 08:50,20.57,21,278,37.91
05/08/2015 09:00,20.86,22.2,307,47.39
05/08/2015 09:10,21.51,22.2,335,50.09
05/08/2015 09:20,22.2,22.7,363,67.35
05/08/2015 09:30,22.58,22.7,390,75.1
05/08/2015 09:40,23.27,23.2,415,65.99
05/08/2015 09:50,23.73,23.8,444,84.9
05/08/2015 10:00,24.03,24,468,95.4
05/08/2015 10:10,24.63,24.6,496,77.5
05/08/2015 10:20,25.3,25.3,518,80.5
05/08/2015 10:30,25.67,25.9,542,105.2
05/08/2015 10:40,25.97,26.8,564,90.7
05/08/2015 10:50,26.51,26.8,589,97.1
05/08/2015 11:00,26.98,26.9,610,197.5
05/08/2015 11:10,27.47,28.1,630,132.6
05/08/2015 11:20,27.8,29.4,649,123.8
05/08/2015 11:30,28.24,30,668,201.2
05/08/2015 11:40,28.89,29.9,684,161
05/08/2015 11:50,28.98,29.3,700,120.7
05/08/2015 12:00,29.71,29.5,714,121.4
05/08/2015 12:10,29.8,30.2,728,129.2
05/08/2015 12:20,29.96,30,743,177.2
05/08/2015 12:30,30.21,30.2,754,216.1
05/08/2015 12:40,30.45,30.8,764,141.7
05/08/2015 12:50,30.99,31.4,774,152.8
05/08/2015 13:00,31.2,32,783,212.3
05/08/2015 13:10,31.16,31.9,790,329.6
05/08/2015 13:20,31.37,32.7,796,151.4
05/08/2015 13:30,31.28,33,799,145.7
05/08/2015 13:40,31.75,32.9,802,149.4
05/08/2015 13:50,31.74,32.9,802,162.9
05/08/2015 14:00,32.09,33.6,802,277.8
05/08/2015 14:10,32.11,33.2,802,266.3
05/08/2015 14:20,32.25,33.5,800,392.4
05/08/2015 14:30,32.36,33,795,309.2
05/08/2015 14:40,32.84,33.7,789,197
05/08/2015 14:50,33.02,33.5,783,196
05/08/2015 15:00,33.38,34.7,775,371.7
05/08/2015 15:10,33.54,34.8,776,301.4
05/08/2015 15:20,33.99,34.4,783,268.3
05/08/2015 15:30,34.62,34.6,797,279.4
05/08/2015 15:40,34.67,34.6,816,273
05/08/2015 15:50,37.36,34.9,786,172.7
05/08/2015 16:00,36.49,34.8,708,203
05/08/2015 16:10,37.15,34.9,687,153
05/08/2015 16:20,38.19,35.7,667,230.4
05/08/2015 16:30,38.05,34.8,645,249.3
05/08/2015 16:40,37.27,34.8,628,201.4
05/08/2015 16:50,36.6,34.1,606,136.5
05/08/2015 17:00,37.93,33.6,589,252.7
05/08/2015 17:10,37.54,34,568,198.6
05/08/2015 17:20,36.93,33.7,546,160.4
05/08/2015 17:30,37,33.7,520,169.9
05/08/2015 17:40,37.58,32.7,496,175
05/08/2015 17:50,37.3,32.4,476,185.4
05/08/2015 18:00,36.65,32.3,452,171.6
05/08/2015 18:10,36.2,32.3,425,102.3
05/08/2015 18:20,36.04,31.7,401,93.2
05/08/2015 18:30,35.91,30.8,375,118.2
05/08/2015 18:40,35.49,30.2,349,101.3
05/08/2015 18:50,34.92,29.6,319,86.8
05/08/2015 19:00,34.43,29.3,291,95.9
05/08/2015 19:10,34.25,28.9,264,66.88
05/08/2015 19:20,33.24,28.2,236,47.63
05/08/2015 19:30,32.89,27.7,208,46.95
05/08/2015 19:40,32.15,27.3,180,33.1
05/08/2015 19:50,31.76,26.7,156,29.72
05/08/2015 20:00,31.35,26.1,131,25.33
05/08/2015 20:10,30.6,25.9,108,21.62
05/08/2015 20:20,30.22,25.2,83,17.23
05/08/2015 20:30,29.32,25,65,10.47
05/08/2015 20:40,28.54,24.1,46,7.77
05/08/2015 20:50,27.61,23.7,20,10.14
05/08/2015 21:00,26.8,23.2,7,4.393
05/08/2015 21:10,26.39,22.7,3,2.704
05/08/2015 21:20,25.87,22.3,1,0.338
05/08/2015 21:30,25.6,22.1,0,0.676
05/08/2015 21:40,25.18,21.8,0,0
05/08/2015 21:50,24.91,21.6,0,0
05/08/2015 22:00,24.56,21.4,0,0
05/08/2015 22:10,24.52,21.2,0,0
05/08/2015 22:20,24.39,21.1,0,0
05/08/2015 22:30,23.89,21,0,0
05/08/2015 22:40,23.52,20.8,0,0
05/08/2015 22:50,23.5,20.6,0,0.338
05/08/2015 23:00,23.32,20.5,0,0
05/08/2015 23:10,23.26,20.3,0,0
05/08/2015 23:20,22.96,20,0,0.338
05/08/2015 23:30,23.05,19.9,0,0
05/08/2015 23:40,22.83,19.9,0,0
05/08/2015 23:50,22.57,19.8,0,0
06/08/2015 00:00,22.66,19.7,0,0
06/08/2015 00:10,22.46,19.6,0,0
06/08/2015 00:20,22.35,19.4,0,0.338
06/08/2015 00:30,22.33,19.4,0,-0.338
06/08/2015 00:40,22.4,19.4,0,0
06/08/2015 00:50,22.22,19.4,0,0.338
06/08/2015 01:00,21.98,19.2,0,-0.338
06/08/2015 01:10,21.85,19.2,0,0
06/08/2015 01:20,21.72,19.4,0,0
06/08/2015 01:30,21.72,19.5,0,0
06/08/2015 01:40,21.7,19.6,0,0.338
06/08/2015 01:50,21.88,19.6,0,0
06/08/2015 02:00,21.77,19.5,0,0
06/08/2015 02:10,21.94,19.4,0,0
06/08/2015 02:20,21.85,19.4,0,0
06/08/2015 02:30,21.73,19.4,0,0
06/08/2015 02:40,21.67,19.2,0,0
06/08/2015 02:50,21.7,19.3,0,0
06/08/2015 03:00,21.7,19.3,0,0
06/08/2015 03:10,21.58,19.4,0,0
06/08/2015 03:20,21.55,19.3,0,0
06/08/2015 03:30,21.42,19.2,0,0.338
06/08/2015 03:40,21.43,19,0,0.338
06/08/2015 03:50,21.49,19,0,0
06/08/2015 04:00,21.49,19,0,0
06/08/2015 04:10,21.4,19,0,0
06/08/2015 04:20,21.34,18.9,0,0
06/08/2015 04:30,21.35,18.9,0,0
06/08/2015 04:40,21.3,18.8,0,0
06/08/2015 04:50,21.23,18.7,0,0
06/08/2015 05:00,21.19,18.6,0,0
06/08/2015 05:10,21.16,18.6,0,0
06/08/2015 05:20,21.16,18.5,0,-0.338
06/08/2015 05:30,21.09,18.3,0,-0.338
06/08/2015 05:40,20.99,18.3,0,0
06/08/2015 05:50,20.91,18.3,0,0
06/08/2015 06:00,20.83,18.4,0,0.338
06/08/2015 06:10,20.88,18.5,0,0
06/08/2015 06:20,20.89,18.6,0,0
06/08/2015 06:30,20.92,18.6,0,0
06/08/2015 06:40,20.98,18.6,1,0
06/08/2015 06:50,20.9,18.6,4,0
06/08/2015 07:00,20.92,18.5,11,1.015
06/08/2015 07:10,20.88,18.4,21,2.369
06/08/2015 07:20,20.88,18.5,43,3.384
06/08/2015 07:30,20.88,18.9,82,7.45
06/08/2015 07:40,20.95,19.4,107,10.49
06/08/2015 07:50,21.17,19.8,92,14.21
06/08/2015 08:00,21.28,20.1,125,15.57
06/08/2015 08:10,21.46,20.7,168,18.61
06/08/2015 08:20,21.6,21,188,22
06/08/2015 08:30,21.83,21.6,198,26.4
06/08/2015 08:40,22.19,21.7,267,35.19
06/08/2015 08:50,22.39,22.6,360,32.48
06/08/2015 09:00,22.58,23.3,228,57.18
06/08/2015 09:10,22.99,22.6,161,51.43
06/08/2015 09:20,23.23,22.8,186,34.51
06/08/2015 09:30,23.22,22.3,186,35.87
06/08/2015 09:40,23.22,22.3,177,30.45
06/08/2015 09:50,23.38,22.1,139,36.54
06/08/2015 10:00,23.56,21.8,164,32.81
06/08/2015 10:10,23.5,22.3,181,29.43
06/08/2015 10:20,23.56,23.6,287,39.92
06/08/2015 10:30,23.78,24.9,692,72.4
06/08/2015 10:40,24.82,25.5,771,119.4
06/08/2015 10:50,25.89,25.7,409,136.3
06/08/2015 11:00,26.25,24.9,447,104.2
06/08/2015 11:10,26.1,25.2,688,178.6
06/08/2015 11:20,26.2,27,727,128.9
06/08/2015 11:30,26.88,27.3,738,169.1
06/08/2015 11:40,27.09,27.8,752,152.2
06/08/2015 11:50,27.61,27.6,402,139.3
06/08/2015 12:00,27.7,25,176,119
06/08/2015 12:10,27.55,26.5,767,40.24
06/08/2015 12:20,27.14,26.8,761,153.8
06/08/2015 12:30,27.57,28.4,791,217.8
06/08/2015 12:40,27.86,27.6,798,151.1
06/08/2015 12:50,28.42,27.7,778,155.5
06/08/2015 13:00,28.61,28.6,757,266.4
06/08/2015 13:10,28.65,28.3,773,278.9
06/08/2015 13:20,28.94,29.4,819,147.4
06/08/2015 13:30,29.02,28.9,810,150.1
06/08/2015 13:40,29.47,29.2,822,152.8
06/08/2015 13:50,29.6,28.4,813,169.3
06/08/2015 14:00,29.56,28.7,804,309.3
06/08/2015 14:10,29.66,29,807,276.2
06/08/2015 14:20,29.74,29.5,807,292.7
06/08/2015 14:30,30.35,29.3,799,410.3
06/08/2015 14:40,30.24,29.3,803,290.3
06/08/2015 14:50,30.68,29.3,789,201.8
06/08/2015 15:00,30.79,29.7,789,260.2
06/08/2015 15:10,30.93,30.2,769,226.1
06/08/2015 15:20,31.12,30.4,755,286.9
06/08/2015 15:30,31.51,29.5,748,188.9
06/08/2015 15:40,31.4,30.3,731,337.6
06/08/2015 15:50,31.46,31,738,155.1
06/08/2015 16:00,31.48,31.2,719,217.3
06/08/2015 16:10,31.61,31.3,663,161.9
06/08/2015 16:20,31.82,31.5,674,305.1
06/08/2015 16:30,31.78,31.2,643,207.1
06/08/2015 16:40,31.97,31.5,632,224
06/08/2015 16:50,31.96,31.4,615,138.9
06/08/2015 17:00,31.97,31.5,592,196.3
06/08/2015 17:10,31.97,30.9,573,189.2
06/08/2015 17:20,32.43,30.9,537,176
06/08/2015 17:30,32.59,31.4,520,181.4
06/08/2015 17:40,32.35,31.3,490,175.7
06/08/2015 17:50,32.35,30.9,465,149.3
06/08/2015 18:00,32.69,31.1,439,174.3
06/08/2015 18:10,32.63,31,420,103.1
06/08/2015 18:20,32.69,31.3,385,94.6
06/08/2015 18:30,32.62,30.8,364,125
06/08/2015 18:40,32.62,30.7,336,105.1
06/08/2015 18:50,32.59,30.1,310,79.4
06/08/2015 19:00,32.67,30.1,284,86.5
06/08/2015 19:10,32.5,29.5,258,63.19
06/08/2015 19:20,32.38,29.3,236,47.97
06/08/2015 19:30,32.16,29.3,235,44.93
06/08/2015 19:40,31.85,28.9,208,37.16
06/08/2015 19:50,31.72,28.5,176,33.45
06/08/2015 20:00,31.65,28.1,138,30.07
06/08/2015 20:10,31.26,27.7,113,21.96
06/08/2015 20:20,31.09,27.4,90,17.23
06/08/2015 20:30,30.47,27,70,9.12
06/08/2015 20:40,29.78,26.8,47,8.11
06/08/2015 20:50,29.27,26.1,28,7.77
06/08/2015 21:00,28.69,25.7,10,4.731
06/08/2015 21:10,28.34,25.4,5,2.366
06/08/2015 21:20,27.88,25.1,2,0.676
06/08/2015 21:30,27.48,24.8,0,0.338
06/08/2015 21:40,27.24,24.6,0,0
06/08/2015 21:50,26.93,24.3,0,0
06/08/2015 22:00,26.63,24.2,0,0
06/08/2015 22:10,26.53,24,0,0
06/08/2015 22:20,26.26,23.8,0,-0.338
06/08/2015 22:30,26.13,23.7,0,0
06/08/2015 22:40,25.99,23.6,0,0
06/08/2015 22:50,25.9,23.5,0,0
06/08/2015 23:00,25.76,23.3,0,0
06/08/2015 23:10,25.6,23.2,0,-0.338
06/08/2015 23:20,25.53,23.2,0,0
06/08/2015 23:30,25.37,23.1,0,0
06/08/2015 23:40,25.22,22.9,0,0
06/08/2015 23:50,25.17,23,0,0
20/08/2015 00:00,20.18391978,17.8,0,
20/08/2015 00:10,20.09566283,17.7,0,
20/08/2015 00:20,19.83089199,17.4,0,
20/08/2015 00:30,19.6543781,17.2,0,
20/08/2015 00:40,19.6543781,17.2,0,
20/08/2015 00:50,19.4778642,17,0,
20/08/2015 01:00,19.30135031,16.8,0,
20/08/2015 01:10,19.30135031,16.8,0,
20/08/2015 01:20,19.12483641,16.6,0,
20/08/2015 01:30,19.12483641,16.6,0,
20/08/2015 01:40,19.03657946,16.5,0,
20/08/2015 01:50,18.94832252,16.4,0,
20/08/2015 02:00,18.86006557,16.3,0,
20/08/2015 02:10,18.77180862,16.2,0,
20/08/2015 02:20,18.59529472,16,0,
20/08/2015 02:30,18.33052388,15.7,0,
20/08/2015 02:40,18.15400999,15.5,0,
20/08/2015 02:50,18.33052388,15.7,0,
20/08/2015 03:00,18.50703778,15.9,0,
20/08/2015 03:10,18.41878083,15.8,0,
20/08/2015 03:20,18.15400999,15.5,0,
20/08/2015 03:30,17.97749609,15.3,0,
20/08/2015 03:40,17.97749609,15.3,0,
20/08/2015 03:50,17.88923914,15.2,0,
20/08/2015 04:00,17.71272525,15,0,
20/08/2015 04:10,17.44795441,14.7,0,
20/08/2015 04:20,17.44795441,14.7,0,
20/08/2015 04:30,17.44795441,14.7,0,
20/08/2015 04:40,17.27144051,14.5,0,
20/08/2015 04:50,17.18318356,14.4,0,
20/08/2015 05:00,17.09492661,14.3,0,
20/08/2015 05:10,17.09492661,14.3,0,
20/08/2015 05:20,17.18318356,14.4,0,
20/08/2015 05:30,17.27144051,14.5,0,
20/08/2015 05:40,17.18318356,14.4,0,
20/08/2015 05:50,17.00666967,14.2,0,
20/08/2015 06:00,16.91841272,14.1,0,
20/08/2015 06:10,16.91841272,14.1,0,
20/08/2015 06:20,16.83015577,14,0,
20/08/2015 06:30,16.74189882,13.9,0,
20/08/2015 06:40,16.65364188,13.8,0,
20/08/2015 06:50,16.65364188,13.8,1,
20/08/2015 07:00,16.74189882,13.9,4,
20/08/2015 07:10,16.83015577,14,12,
20/08/2015 07:20,17.09492661,14.3,37,
20/08/2015 07:30,17.71272525,15,62,
20/08/2015 07:40,18.59529472,16,84,
20/08/2015 07:50,19.38960725,16.9,111,
20/08/2015 08:00,20.18391978,17.8,136,
20/08/2015 08:10,20.62520452,18.3,162,
20/08/2015 08:20,20.80171842,18.5,189,
20/08/2015 08:30,21.15474621,18.9,219,
20/08/2015 08:40,21.59603094,19.4,249,
20/08/2015 08:50,21.86080179,19.7,278,
20/08/2015 09:00,22.12557263,20,302,
20/08/2015 09:10,22.65511432,20.6,329,
20/08/2015 09:20,23.00814211,21,363,
20/08/2015 09:30,23.27291295,21.3,398,
20/08/2015 09:40,23.97896853,22.1,330,
20/08/2015 09:50,24.24373937,22.4,423,
20/08/2015 10:00,24.33199632,22.5,458,
20/08/2015 10:10,25.39107969,23.7,506,
20/08/2015 10:20,25.65585054,24,474,
20/08/2015 10:30,25.30282275,23.6,494,
20/08/2015 10:40,25.92062138,24.3,552,
20/08/2015 10:50,26.80319086,25.3,586,
20/08/2015 11:00,26.97970475,25.5,608,
20/08/2015 11:10,26.8914478,25.4,631,
20/08/2015 11:20,28.03878812,26.7,652,
20/08/2015 11:30,28.7448437,27.5,666,
20/08/2015 11:40,28.21530202,26.9,674,
20/08/2015 11:50,27.95053118,26.6,694,
20/08/2015 12:00,28.48007286,27.2,716,
20/08/2015 12:10,28.39181591,27.1,714,
20/08/2015 12:20,29.27438539,28.1,735,
20/08/2015 12:30,28.65658676,27.4,749,
20/08/2015 12:40,28.65658676,27.4,713,
20/08/2015 12:50,29.18612844,28,770,
20/08/2015 13:00,29.18612844,28,763,
20/08/2015 13:10,29.36264234,28.2,725,
20/08/2015 13:20,29.27438539,28.1,746,
20/08/2015 13:30,28.83310065,27.6,760,
20/08/2015 13:40,28.83310065,27.6,701,
20/08/2015 13:50,29.27438539,28.1,761,
20/08/2015 14:00,29.00961455,27.8,788,
20/08/2015 14:10,29.00961455,27.8,784,
20/08/2015 14:20,29.18612844,28,782,
20/08/2015 14:30,29.98044097,28.9,700,
20/08/2015 14:40,30.33346876,29.3,675,
20/08/2015 14:50,29.98044097,28.9,619,
20/08/2015 15:00,29.45089929,28.3,642,
20/08/2015 15:10,29.71567013,28.6,716,
20/08/2015 15:20,29.98044097,28.9,668,
20/08/2015 15:30,29.62741318,28.5,672,
20/08/2015 15:40,29.98044097,28.9,680,
20/08/2015 15:50,30.33346876,29.3,678,
20/08/2015 16:00,30.50998266,29.5,683,
20/08/2015 16:10,30.42172571,29.4,659,
20/08/2015 16:20,29.89218402,28.8,548,
20/08/2015 16:30,29.80392708,28.7,622,
20/08/2015 16:40,30.68649655,29.7,597,
20/08/2015 16:50,31.12778129,30.2,574,
20/08/2015 17:00,29.98044097,28.9,546,
20/08/2015 17:10,30.06869792,29,509,
20/08/2015 17:20,30.06869792,29,471,
20/08/2015 17:30,30.42172571,29.4,482,
20/08/2015 17:40,30.24521181,29.2,445,
20/08/2015 17:50,30.68649655,29.7,421,
20/08/2015 18:00,30.42172571,29.4,352,
20/08/2015 18:10,30.24521181,29.2,291,
20/08/2015 18:20,29.89218402,28.8,308,
20/08/2015 18:30,29.36264234,28.2,274,
20/08/2015 18:40,29.27438539,28.1,266,
20/08/2015 18:50,29.18612844,28,265,
20/08/2015 19:00,29.18612844,28,200,
20/08/2015 19:10,29.00961455,27.8,215,
20/08/2015 19:20,28.9213576,27.7,186,
20/08/2015 19:30,28.65658676,27.4,148,
20/08/2015 19:40,28.65658676,27.4,113,
20/08/2015 19:50,28.56832981,27.3,98,
20/08/2015 20:00,28.21530202,26.9,55,
20/08/2015 20:10,27.42098949,26,29,
20/08/2015 20:20,26.80319086,25.3,31,
20/08/2015 20:30,26.53842001,25,17,
20/08/2015 20:40,26.09713528,24.5,10,
20/08/2015 20:50,25.83236443,24.2,4,
20/08/2015 21:00,25.74410748,24.1,3,
20/08/2015 21:10,25.65585054,24,0,
20/08/2015 21:20,25.30282275,23.6,0,
20/08/2015 21:30,25.2145658,23.5,0,
20/08/2015 21:40,25.0380519,23.3,0,
20/08/2015 21:50,24.86153801,23.1,0,
20/08/2015 22:00,24.50851022,22.7,0,
20/08/2015 22:10,24.15548243,22.3,0,
20/08/2015 22:20,23.80245464,21.9,0,
20/08/2015 22:30,23.53768379,21.6,0,
20/08/2015 22:40,23.184656,21.2,0,
20/08/2015 22:50,23.27291295,21.3,0,
20/08/2015 23:00,23.00814211,21,0,
20/08/2015 23:10,22.74337126,20.7,0,
20/08/2015 23:20,22.65511432,20.6,0,
20/08/2015 23:30,23.09639905,21.1,0,
20/08/2015 23:40,23.09639905,21.1,0,
20/08/2015 23:50,22.91988516,20.9,0,
21/08/2015 00:00,22.47860042,20.4,0,
21/08/2015 00:10,22.21382958,20.1,0,
21/08/2015 00:20,22.12557263,20,0,
21/08/2015 00:30,22.12557263,20,0,
21/08/2015 00:40,22.03731568,19.9,0,
21/08/2015 00:50,21.86080179,19.7,0,
21/08/2015 01:00,21.68428789,19.5,0,
21/08/2015 01:10,21.59603094,19.4,0,
21/08/2015 01:20,21.24300315,19,0,
21/08/2015 01:30,20.97823231,18.7,0,
21/08/2015 01:40,21.24300315,19,0,
21/08/2015 01:50,21.3312601,19.1,0,
21/08/2015 02:00,21.41951705,19.2,0,
21/08/2015 02:10,21.3312601,19.1,0,
21/08/2015 02:20,21.24300315,19,0,
21/08/2015 02:30,21.06648926,18.8,0,
21/08/2015 02:40,20.80171842,18.5,0,
21/08/2015 02:50,20.53694757,18.2,0,
21/08/2015 03:00,20.53694757,18.2,0,
21/08/2015 03:10,20.36043368,18,0,
21/08/2015 03:20,20.18391978,17.8,0,
21/08/2015 03:30,19.91914894,17.5,0,
21/08/2015 03:40,19.74263504,17.3,0,
21/08/2015 03:50,19.56612115,17.1,0,
21/08/2015 04:00,19.38960725,16.9,0,
21/08/2015 04:10,19.21309336,16.7,0,
21/08/2015 04:20,19.21309336,16.7,0,
21/08/2015 04:30,19.12483641,16.6,0,
21/08/2015 04:40,19.21309336,16.7,0,
21/08/2015 04:50,18.94832252,16.4,0,
21/08/2015 05:00,18.86006557,16.3,0,
21/08/2015 05:10,18.86006557,16.3,0,
21/08/2015 05:20,18.68355167,16.1,0,
21/08/2015 05:30,18.59529472,16,0,
21/08/2015 05:40,18.50703778,15.9,0,
21/08/2015 05:50,18.41878083,15.8,0,
21/08/2015 06:00,18.33052388,15.7,0,
21/08/2015 06:10,18.24226693,15.6,0,
21/08/2015 06:20,18.24226693,15.6,0,
21/08/2015 06:30,18.24226693,15.6,0,
21/08/2015 06:40,18.24226693,15.6,0,
21/08/2015 06:50,18.33052388,15.7,1,
21/08/2015 07:00,18.41878083,15.8,4,
21/08/2015 07:10,18.41878083,15.8,15,
21/08/2015 07:20,18.77180862,16.2,37,
21/08/2015 07:30,19.38960725,16.9,62,
21/08/2015 07:40,20.18391978,17.8,87,
21/08/2015 07:50,20.71346147,18.4,112,
21/08/2015 08:00,20.88997536,18.6,136,
21/08/2015 08:10,21.3312601,19.1,162,
21/08/2015 08:20,21.77254484,19.6,189,
21/08/2015 08:30,21.94905874,19.8,216,
21/08/2015 08:40,22.30208653,20.2,243,
21/08/2015 08:50,22.91988516,20.9,271,
21/08/2015 09:00,23.44942685,21.5,299,
21/08/2015 09:10,23.89071158,22,327,
21/08/2015 09:20,24.24373937,22.4,354,
21/08/2015 09:30,24.50851022,22.7,382,
21/08/2015 09:40,25.39107969,23.7,408,
21/08/2015 09:50,26.09713528,24.5,434,
21/08/2015 10:00,26.27364917,24.7,460,
21/08/2015 10:10,26.80319086,25.3,485,
21/08/2015 10:20,27.59750339,26.2,509,
21/08/2015 10:30,27.59750339,26.2,534,
21/08/2015 10:40,28.30355897,27,555,
21/08/2015 10:50,28.7448437,27.5,577,
21/08/2015 11:00,29.27438539,28.1,597,
21/08/2015 11:10,28.83310065,27.6,619,
21/08/2015 11:20,29.71567013,28.6,639,
21/08/2015 11:30,29.98044097,28.9,657,
21/08/2015 11:40,30.24521181,29.2,672,
21/08/2015 11:50,30.24521181,29.2,686,
21/08/2015 12:00,30.33346876,29.3,697,
21/08/2015 12:10,30.15695487,29.1,715,
21/08/2015 12:20,31.12778129,30.2,725,
21/08/2015 12:30,31.21603824,30.3,736,
21/08/2015 12:40,30.68649655,29.7,747,
21/08/2015 12:50,30.42172571,29.4,757,
21/08/2015 13:00,30.7747535,29.8,764,
21/08/2015 13:10,31.03952434,30.1,772,
21/08/2015 13:20,31.39255213,30.5,771,
21/08/2015 13:30,31.65732298,30.8,775,
21/08/2015 13:40,32.09860772,31.3,777,
21/08/2015 13:50,31.30429519,30.4,782,
21/08/2015 14:00,31.92209382,31.1,778,
21/08/2015 14:10,31.74557993,30.9,779,
21/08/2015 14:20,31.39255213,30.5,777,
21/08/2015 14:30,31.65732298,30.8,771,
21/08/2015 14:40,32.71640635,32,763,
21/08/2015 14:50,32.6281494,31.9,756,
21/08/2015 15:00,32.36337856,31.6,750,
21/08/2015 15:10,32.6281494,31.9,739,
21/08/2015 15:20,33.15769109,32.5,726,
21/08/2015 15:30,32.71640635,32,716,
21/08/2015 15:40,32.53989245,31.8,700,
21/08/2015 15:50,33.06943414,32.4,683,
21/08/2015 16:00,33.59897583,33,666,
21/08/2015 16:10,33.86374667,33.3,647,
21/08/2015 16:20,33.33420498,32.7,628,
21/08/2015 16:30,33.77548972,33.2,608,
21/08/2015 16:40,33.68723277,33.1,589,
21/08/2015 16:50,33.59897583,33,568,
21/08/2015 17:00,33.77548972,33.2,545,
21/08/2015 17:10,33.51071888,32.9,520,
21/08/2015 17:20,32.89292024,32.2,495,
21/08/2015 17:30,32.6281494,31.9,470,
21/08/2015 17:40,32.89292024,32.2,447,
21/08/2015 17:50,33.15769109,32.5,420,
21/08/2015 18:00,33.24594804,32.6,394,
21/08/2015 18:10,33.33420498,32.7,368,
21/08/2015 18:20,32.6281494,31.9,341,
21/08/2015 18:30,32.6281494,31.9,313,
21/08/2015 18:40,32.53989245,31.8,285,
21/08/2015 18:50,32.36337856,31.6,258,
21/08/2015 19:00,32.18686466,31.4,230,
21/08/2015 19:10,31.83383687,31,203,
21/08/2015 19:20,31.65732298,30.8,178,
21/08/2015 19:30,31.48080908,30.6,154,
21/08/2015 19:40,31.12778129,30.2,130,
21/08/2015 19:50,30.9512674,30,109,
21/08/2015 20:00,30.59823961,29.6,88,
21/08/2015 20:10,29.89218402,28.8,23,
21/08/2015 20:20,29.45089929,28.3,34,
21/08/2015 20:30,29.27438539,28.1,14,
21/08/2015 20:40,28.83310065,27.6,8,
21/08/2015 20:50,28.39181591,27.1,4,
21/08/2015 21:00,28.12704507,26.8,1,
21/08/2015 21:10,27.95053118,26.6,0,
21/08/2015 21:20,27.77401728,26.4,0,
21/08/2015 21:30,27.33273254,25.9,0,
21/08/2015 21:40,27.24447559,25.8,0,
21/08/2015 21:50,26.8914478,25.4,0,
21/08/2015 22:00,26.80319086,25.3,0,
21/08/2015 22:10,27.24447559,25.8,0,
21/08/2015 22:20,26.8914478,25.4,0,
21/08/2015 22:30,26.00887833,24.4,0,
21/08/2015 22:40,25.65585054,24,0,
21/08/2015 22:50,25.56759359,23.9,0,
21/08/2015 23:00,25.12630885,23.4,0,
21/08/2015 23:10,24.68502411,22.9,0,
21/08/2015 23:20,24.50851022,22.7,0,
21/08/2015 23:30,24.50851022,22.7,0,
21/08/2015 23:40,24.24373937,22.4,0,
21/08/2015 23:50,23.97896853,22.1,0,
