id,Date,day,wp_MPa,estRWC,idf,spp,weight_g,bulk_den_g.cm3,obs,vol,estDryWeight
1111,03/07/2015,0,-0.82,139.7080213,id1111,BET,2769.5,0.354133333,NA,3185.233333,1127.997297
1111,06/07/2015,1,-0.828,126.8445153,id1111,BET,2624.4,0.354133333,NA,3185.233333,1127.997297
1111,07/07/2015,2,-1.054,116.6139943,id1111,BET,2509,0.354133333,NA,3185.233333,1127.997297
1111,08/07/2015,3,-0.968,105.3019105,id1111,BET,2381.4,0.354133333,NA,3185.233333,1127.997297
1111,09/07/2015,4,-0.655,91.28591942,id1111,BET,2223.3,0.354133333,NA,3185.233333,1127.997297
1111,10/07/2015,5,-0.445,83.00575773,id1111,BET,2129.9,0.354133333,NA,3185.233333,1127.997297
1111,13/07/2015,8,-0.909,60.96669782,id1111,BET,1881.3,0.354133333,NA,3185.233333,1127.997297
1111,15/07/2015,10,-1.786,52.82838044,id1111,BET,1789.5,0.354133333,NA,3185.233333,1127.997297
1111,16/07/2015,11,-2.215,48.98971876,id1111,BET,1746.2,0.354133333,NA,3185.233333,1127.997297
1111,17/07/2015,12,-2.859,47.03049421,id1111,BET,1724.1,0.354133333,NA,3185.233333,1127.997297
1111,20/07/2015,15,,42.54466785,id1111,BET,1673.5,0.354133333,WP<-3 Mpa,3185.233333,1127.997297
1111,21/07/2015,16,-2.304,41.26806905,id1111,BET,1659.1,0.354133333,NA,3185.233333,1127.997297
1111,22/07/2015,17,,40.04466186,id1111,BET,1645.3,0.354133333,WP<-3 MPa and DEAD,3185.233333,1127.997297
2113,03/07/2015,0,-0.832,143.1724208,id2113,BET,2705.9,0.354133333,NA,3066,1085.772799
2113,06/07/2015,1,-0.849,107.0230533,id2113,BET,2313.4,0.354133333,NA,3066,1085.772799
2113,07/07/2015,2,-0.997,80.44290683,id2113,BET,2024.8,0.354133333,NA,3066,1085.772799
2113,08/07/2015,3,-1.209,57.49151218,id2113,BET,1775.6,0.354133333,NA,3066,1085.772799
2113,09/07/2015,4,-0.931,39.78983462,id2113,BET,1583.4,0.354133333,NA,3066,1085.772799
2113,10/07/2015,5,-1.06,34.70589808,id2113,BET,1528.2,0.354133333,NA,3066,1085.772799
2113,13/07/2015,8,-2.268,22.89863968,id2113,BET,1400,0.354133333,almost dead,3066,1085.772799
2113,15/07/2015,10,,19.45408848,id2113,BET,1362.6,0.354133333,WP<-3 Mpa,3066,1085.772799
2113,16/07/2015,11,,18.06337396,id2113,BET,1347.5,0.354133333,WP<-3 Mpa,3066,1085.772799
2113,17/07/2015,12,,17.27131138,id2113,BET,1338.9,0.354133333,WP<-3 Mpa,3066,1085.772799
2113,20/07/2015,15,,13.50440913,id2113,BET,1298,0.354133333,WP<-3 Mpa,3066,1085.772799
2113,21/07/2015,16,,12.75839671,id2113,BET,1289.9,0.354133333,WP<-3 MPa and DEAD,3066,1085.772799
3084,03/07/2015,0,-0.55,148.9378996,id3084,BET,2768.5,0.354133333,NA,3066,1085.772799
3084,06/07/2015,1,-1.025,131.7151436,id3084,BET,2581.5,0.354133333,NA,3066,1085.772799
3084,07/07/2015,2,-0.822,116.5278042,id3084,BET,2416.6,0.354133333,NA,3066,1085.772799
3084,08/07/2015,3,-0.772,100.3549916,id3084,BET,2241,0.354133333,NA,3066,1085.772799
3084,09/07/2015,4,-0.807,85.59131357,id3084,BET,2080.7,0.354133333,NA,3066,1085.772799
3084,10/07/2015,5,-0.825,76.90625532,id3084,BET,1986.4,0.354133333,NA,3066,1085.772799
3084,13/07/2015,8,-0.85,57.35336174,id3084,BET,1774.1,0.354133333,NA,3066,1085.772799
3084,15/07/2015,10,-1.091,48.9169743,id3084,BET,1682.5,0.354133333,NA,3066,1085.772799
3084,16/07/2015,11,-1.271,44.78167085,id3084,BET,1637.6,0.354133333,NA,3066,1085.772799
3084,17/07/2015,12,-1.66,41.95419166,id3084,BET,1606.9,0.354133333,NA,3066,1085.772799
3084,20/07/2015,15,,35.92162204,id3084,BET,1541.4,0.354133333,WP<-3 Mpa,3066,1085.772799
3084,21/07/2015,16,,33.79410512,id3084,BET,1518.3,0.354133333,WP<-3 MPa and DEAD,3066,1085.772799
8112,03/07/2015,0,-0.405,155.9578654,id8112,BET,2875.6,0.354133333,NA,3100.066667,1097.836941
8112,06/07/2015,1,-0.911,146.2934065,id8112,BET,2769.5,0.354133333,NA,3100.066667,1097.836941
8112,07/07/2015,2,-1.369,141.8118666,id8112,BET,2720.3,0.354133333,NA,3100.066667,1097.836941
8112,08/07/2015,3,-0.839,138.3414059,id8112,BET,2682.2,0.354133333,NA,3100.066667,1097.836941
8112,09/07/2015,4,-0.747,131.7101843,id8112,BET,2609.4,0.354133333,NA,3100.066667,1097.836941
8112,10/07/2015,5,-0.811,128.2852677,id8112,BET,2571.8,0.354133333,NA,3100.066667,1097.836941
8112,13/07/2015,8,-0.58,111.0149434,id8112,BET,2382.2,0.354133333,NA,3100.066667,1097.836941
8112,15/07/2015,10,-0.828,101.068111,id8112,BET,2273,0.354133333,NA,3100.066667,1097.836941
8112,16/07/2015,11,-2.221,95.22935689,id8112,BET,2208.9,0.354133333,NA,3100.066667,1097.836941
8112,17/07/2015,12,-0.847,90.59296709,id8112,BET,2158,0.354133333,NA,3100.066667,1097.836941
8112,20/07/2015,15,-1.235,79.70792619,id8112,BET,2038.5,0.354133333,NA,3100.066667,1097.836941
8112,21/07/2015,16,-1.292,76.3012272,id8112,BET,2001.1,0.354133333,NA,3100.066667,1097.836941
8112,22/07/2015,17,-1.312,72.51195774,id8112,BET,1959.5,0.354133333,NA,3100.066667,1097.836941
8112,23/07/2015,18,-2.462,69.53337332,id8112,BET,1926.8,0.354133333,NA,3100.066667,1097.836941
8112,24/07/2015,19,-1.2,66.13578315,id8112,BET,1889.5,0.354133333,NA,3100.066667,1097.836941
8112,27/07/2015,22,-1.085,58.721203,id8112,BET,1808.1,0.354133333,surface of leaf broken,3100.066667,1097.836941
4051,03/07/2015,0,-0.41,158.9291075,id4051,EUC,2642.7,0.354133333,NA,2810.5,995.2917324
4051,06/07/2015,1,-0.454,138.9651117,id4051,EUC,2444,0.354133333,it was written -0.545,2810.5,995.2917324
4051,07/07/2015,2,-0.4,129.2996039,id4051,EUC,2347.8,0.354133333,NA,2810.5,995.2917324
4051,08/07/2015,3,-0.463,117.8959123,id4051,EUC,2234.3,0.354133333,NA,2810.5,995.2917324
4051,09/07/2015,4,-0.45,103.2670356,id4051,EUC,2088.7,0.354133333,NA,2810.5,995.2917324
4051,10/07/2015,5,-0.356,94.97800864,id4051,EUC,2006.2,0.354133333,NA,2810.5,995.2917324
4051,13/07/2015,8,-0.436,61.19896788,id4051,EUC,1670,0.354133333,NA,2810.5,995.2917324
4051,15/07/2015,10,-0.819,49.3331002,id4051,EUC,1551.9,0.354133333,NA,2810.5,995.2917324
4051,16/07/2015,11,-1.303,43.63627803,id4051,EUC,1495.2,0.354133333,NA,2810.5,995.2917324
4051,17/07/2015,12,-1.533,40.26038342,id4051,EUC,1461.6,0.354133333,NA,2810.5,995.2917324
4051,20/07/2015,15,-2.846,30.14274688,id4051,EUC,1360.9,0.354133333,NA,2810.5,995.2917324
4051,21/07/2015,16,,28.1332858,id4051,EUC,1340.9,0.354133333,WP<-3 MPa and DEAD,2810.5,995.2917324
6024,03/07/2015,0,-0.268,107.5048833,id6024,EUC,2443.8,0.354133333,NA,3236.333333,1146.09351
6024,06/07/2015,1,-0.469,103.2294904,id6024,EUC,2394.8,0.354133333,NA,3236.333333,1146.09351
6024,07/07/2015,2,-0.499,87.10515165,id6024,EUC,2210,0.354133333,NA,3236.333333,1146.09351
6024,08/07/2015,3,-0.522,74.30514897,id6024,EUC,2063.3,0.354133333,NA,3236.333333,1146.09351
6024,09/07/2015,4,-0.45,56.83711532,id6024,EUC,1863.1,0.354133333,NA,3236.333333,1146.09351
6024,10/07/2015,5,-0.555,48.94072648,id6024,EUC,1772.6,0.354133333,NA,3236.333333,1146.09351
6024,13/07/2015,8,-2.052,29.6491069,id6024,EUC,1551.5,0.354133333,NA,3236.333333,1146.09351
6024,15/07/2015,10,,24.97235064,id6024,EUC,1497.9,0.354133333,WP<-3 Mpa,3236.333333,1146.09351
6024,16/07/2015,11,,22.60779663,id6024,EUC,1470.8,0.354133333,WP<-3 Mpa,3236.333333,1146.09351
6024,17/07/2015,12,,21.72654219,id6024,EUC,1460.7,0.354133333,WP<-3 Mpa,3236.333333,1146.09351
6024,20/07/2015,15,,18.74249248,id6024,EUC,1426.5,0.354133333,WP<-3 Mpa,3236.333333,1146.09351
6024,21/07/2015,16,,17.94849095,id6024,EUC,1417.4,0.354133333,WP<-3 MPa and DEAD,3236.333333,1146.09351
7044,03/07/2015,0,-1.428,143.9531178,id7044,EUC,2832.1,0.354133333,NA,3202.266667,1134.029368
7044,06/07/2015,1,,134.6323716,id7044,EUC,2726.4,0.354133333,at -2.345 you didn't see a drop so -2.345 is NOT the WP write NA,3202.266667,1134.029368
7044,07/07/2015,2,,131.5107593,id7044,EUC,2691,0.354133333,at -2.267 you didn't see a drop so -2.345 is NOT the WP write NA,3202.266667,1134.029368
7044,08/07/2015,3,,129.7295003,id7044,EUC,2670.8,0.354133333,at -1.758 you did not see a drop so write NA. Dry,3202.266667,1134.029368
7044,09/07/2015,4,,126.3786171,id7044,EUC,2632.8,0.354133333,Dry,3202.266667,1134.029368
7044,10/07/2015,5,,124.7384479,id7044,EUC,2614.2,0.354133333,at -1.352 you did not see a drop of water so NA,3202.266667,1134.029368
7044,13/07/2015,8,,113.6981694,id7044,EUC,2489,0.354133333,WP<-3 MPa and DEAD,3202.266667,1134.029368
8063,03/07/2015,0,-0.424,150.2457238,id8063,EUC,2782.7,0.354133333,NA,3066,1085.772799
8063,06/07/2015,1,-0.577,132.0374946,id8063,EUC,2585,0.354133333,NA,3066,1085.772799
8063,07/07/2015,2,-0.281,122.1459224,id8063,EUC,2477.6,0.354133333,NA,3066,1085.772799
8063,08/07/2015,3,-0.413,112.1438299,id8063,EUC,2369,0.354133333,NA,3066,1085.772799
8063,09/07/2015,4,-0.505,95.74076658,id8063,EUC,2190.9,0.354133333,NA,3066,1085.772799
8063,10/07/2015,5,-0.364,87.27674905,id8063,EUC,2099,0.354133333,NA,3066,1085.772799
8063,13/07/2015,8,-0.771,53.57724945,id8063,EUC,1733.1,0.354133333,NA,3066,1085.772799
8063,15/07/2015,10,-1.002,41.66868073,id8063,EUC,1603.8,0.354133333,NA,3066,1085.772799
8063,16/07/2015,11,-1.318,36.81499494,id8063,EUC,1551.1,0.354133333,NA,3066,1085.772799
8063,17/07/2015,12,-1.797,34.19934644,id8063,EUC,1522.7,0.354133333,NA,3066,1085.772799
8063,20/07/2015,15,,26.92342277,id8063,EUC,1443.7,0.354133333,WP<-3 Mpa,3066,1085.772799
8063,21/07/2015,16,,25.28403744,id8063,EUC,1425.9,0.354133333,WP<-3 Mpa,3066,1085.772799
8063,22/07/2015,17,,23.44203145,id8063,EUC,1405.9,0.354133333,WP<-3 MPa and DEAD,3066,1085.772799
1071,13/07/2015,8,-0.89,100.4934693,id1071,MOL,2448.1,0.354133333,NA,3355.566667,1188.318008
3074,03/07/2015,0,-0.677,145.6477518,id3074,MOL,2836.5,0.354133333,NA,3185.233333,1127.997297
3074,06/07/2015,1,-0.823,141.1353297,id3074,MOL,2785.6,0.354133333,NA,3185.233333,1127.997297
3074,07/07/2015,2,-0.515,133.3693536,id3074,MOL,2698,0.354133333,NA,3185.233333,1127.997297
3074,08/07/2015,3,-1.358,121.5785452,id3074,MOL,2565,0.354133333,NA,3185.233333,1127.997297
3074,09/07/2015,4,-1.624,112.4650482,id3074,MOL,2462.2,0.354133333,NA,3185.233333,1127.997297
3074,10/07/2015,5,-0.985,100.6565092,id3074,MOL,2329,0.354133333,NA,3185.233333,1127.997297
3074,13/07/2015,8,-0.73,72.87275472,id3074,MOL,2015.6,0.354133333,NA,3185.233333,1127.997297
3074,15/07/2015,10,-1.276,51.82660499,id3074,MOL,1778.2,0.354133333,NA,3185.233333,1127.997297
3074,16/07/2015,11,-1.946,41.52516186,id3074,MOL,1662,0.354133333,NA,3185.233333,1127.997297
3074,17/07/2015,12,-2.21,36.01096425,id3074,MOL,1599.8,0.354133333,NA,3185.233333,1127.997297
3074,20/07/2015,15,,27.98789538,id3074,MOL,1509.3,0.354133333,WP<-3 Mpa,3185.233333,1127.997297
3074,21/07/2015,16,,26.791084,id3074,MOL,1495.8,0.354133333,WP<-3 MPa and DEAD,3185.233333,1127.997297
6063,03/07/2015,0,-0.857,159.9886909,id6063,MOL,2966.9,0.354133333,NA,3151.166667,1115.933155
6063,06/07/2015,1,-0.922,125.201661,id6063,MOL,2578.7,0.354133333,NA,3151.166667,1115.933155
6063,07/07/2015,2,-0.672,133.2935436,id6063,MOL,2669,0.354133333,NA,3151.166667,1115.933155
6063,08/07/2015,3,-1.164,126.7160887,id6063,MOL,2595.6,0.354133333,NA,3151.166667,1115.933155
6063,09/07/2015,4,-1.05,118.1492673,id6063,MOL,2500,0.354133333,NA,3151.166667,1115.933155
6063,10/07/2015,5,-0.69,112.4858456,id6063,MOL,2436.8,0.354133333,NA,3151.166667,1115.933155
6063,13/07/2015,8,-0.923,90.90749221,id6063,MOL,2196,0.354133333,NA,3151.166667,1115.933155
6063,15/07/2015,10,-0.637,78.2812879,id6063,MOL,2055.1,0.354133333,NA,3151.166667,1115.933155
6063,16/07/2015,11,-1.494,73.84553834,id6063,MOL,2005.6,0.354133333,NA,3151.166667,1115.933155
6063,17/07/2015,12,-0.853,69.81303874,id6063,MOL,1960.6,0.354133333,NA,3151.166667,1115.933155
6063,20/07/2015,15,-1.053,57.50943441,id6063,MOL,1823.3,0.354133333,NA,3151.166667,1115.933155
6063,21/07/2015,16,-1.616,54.58811247,id6063,MOL,1790.7,0.354133333,NA,3151.166667,1115.933155
6063,22/07/2015,17,-1.872,51.27250169,id6063,MOL,1753.7,0.354133333,NA,3151.166667,1115.933155
6063,23/07/2015,18,-1.886,48.46767419,id6063,MOL,1722.4,0.354133333,NA,3151.166667,1115.933155
6063,24/07/2015,19,-1.955,45.68076891,id6063,MOL,1691.3,0.354133333,NA,3151.166667,1115.933155
6063,27/07/2015,22,-2.582,38.28785297,id6063,MOL,1608.8,0.354133333,NA,3151.166667,1115.933155
6063,28/07/2015,23,-2.249,36.07445875,id6063,MOL,1584.1,0.354133333,NA,3151.166667,1115.933155
6063,29/07/2015,24,-2.204,34.40769225,id6063,MOL,1565.5,0.354133333,NA,3151.166667,1115.933155
6063,30/07/2015,25,-2.986,-95.463963,id6063,MOL,1545.6,10.35413333,NA,3151.166667,32627.59981
7011,03/07/2015,0,-0.904,155.5170969,id7011,MOL,2917,0.354133333,NA,3151.166667,1115.933155
7011,06/07/2015,1,-0.755,147.3266422,id7011,MOL,2825.6,0.354133333,NA,3151.166667,1115.933155
7011,07/07/2015,2,-1.279,141.9410149,id7011,MOL,2765.5,0.354133333,NA,3151.166667,1115.933155
7011,08/07/2015,3,-0.909,139.4050207,id7011,MOL,2737.2,0.354133333,NA,3151.166667,1115.933155
7011,09/07/2015,4,-1.213,133.9477046,id7011,MOL,2676.3,0.354133333,NA,3151.166667,1115.933155
7011,10/07/2015,5,-0.817,131.2324882,id7011,MOL,2646,0.354133333,NA,3151.166667,1115.933155
7011,15/07/2015,10,-1.521,97.7358582,id7011,MOL,2272.2,0.354133333,NA,3151.166667,1115.933155
7011,16/07/2015,11,-0.44,91.5168477,id7011,MOL,2202.8,0.354133333,NA,3151.166667,1115.933155
7011,17/07/2015,12,-1.012,85.82654271,id7011,MOL,2139.3,0.354133333,NA,3151.166667,1115.933155
7011,20/07/2015,15,-1.666,70.1266776,id7011,MOL,1964.1,0.354133333,NA,3151.166667,1115.933155
7011,21/07/2015,16,-0.958,66.71249461,id7011,MOL,1926,0.354133333,NA,3151.166667,1115.933155
7011,22/07/2015,17,-1.2,63.01155608,id7011,MOL,1884.7,0.354133333,NA,3151.166667,1115.933155
7011,23/07/2015,18,-1.726,60.41283412,id7011,MOL,1855.7,0.354133333,NA,3151.166667,1115.933155
7011,24/07/2015,19,-1.071,57.59904551,id7011,MOL,1824.3,0.354133333,NA,3151.166667,1115.933155
7011,27/07/2015,22,-1.446,50.43015733,id7011,MOL,1744.3,0.354133333,NA,3151.166667,1115.933155
7011,28/07/2015,23,-1.746,48.35117976,id7011,MOL,1721.1,0.354133333,NA,3151.166667,1115.933155
7011,29/07/2015,24,-1.701,46.57687993,id7011,MOL,1701.3,0.354133333,NA,3151.166667,1115.933155
7011,30/07/2015,25,-2.005,-93.36284899,id7011,MOL,1603.7,7.354133333,NA,3151.166667,23174.09982
8032,03/07/2015,0,,156.1802191,id8032,MOL,2924.4,0.354133333,NO MEASURE (RUBBER BLOW UP WITH THE LEAF),3151.166667,1115.933155
8032,06/07/2015,1,-1.04,143.8676536,id8032,MOL,2787,0.354133333,why is this highlighted in yellow?,3151.166667,1115.933155
8032,07/07/2015,2,-0.757,135.0768045,id8032,MOL,2688.9,0.354133333,NA,3151.166667,1115.933155
8032,08/07/2015,3,-0.606,125.0045166,id8032,MOL,2576.5,0.354133333,NA,3151.166667,1115.933155
8032,09/07/2015,4,-0.921,110.1201125,id8032,MOL,2410.4,0.354133333,NA,3151.166667,1115.933155
8032,10/07/2015,5,-0.481,101.0066634,id8032,MOL,2308.7,0.354133333,NA,3151.166667,1115.933155
8032,13/07/2015,8,-0.862,64.53494482,id8032,MOL,1901.7,0.354133333,NA,3151.166667,1115.933155
8032,15/07/2015,10,-1.608,45.86895222,id8032,MOL,1693.4,0.354133333,NA,3151.166667,1115.933155
8032,16/07/2015,11,-1.314,37.32901418,id8032,MOL,1598.1,0.354133333,NA,3151.166667,1115.933155
8032,17/07/2015,12,-2.733,33.8431423,id8032,MOL,1559.2,0.354133333,NA,3151.166667,1115.933155
8032,20/07/2015,15,,27.40010405,id8032,MOL,1487.3,0.354133333,WP<-3 Mpa,3151.166667,1115.933155
8032,21/07/2015,16,,26.20827639,id8032,MOL,1474,0.354133333,WP<-3 MPa and DEAD,3151.166667,1115.933155
9053,03/07/2015,0,-0.606,148.352,id9053,MOL,2792.1,0.354133333,NA,3100.066667,1097.836941
9053,06/07/2015,1,-1.556,135.435692,id9053,MOL,2650.3,0.354133333,NA,3100.066667,1097.836941
9053,07/07/2015,2,-0.618,128.3034853,id9053,MOL,2572,0.354133333,NA,3100.066667,1097.836941
9053,08/07/2015,3,,121.0892992,id9053,MOL,2492.8,0.354133333,at -1.639 you did not see a drop so write NA,3100.066667,1097.836941
9053,09/07/2015,4,-1.067,111.5705815,id9053,MOL,2388.3,0.354133333,NA,3100.066667,1097.836941
9053,10/07/2015,5,-0.392,104.119566,id9053,MOL,2306.5,0.354133333,NA,3100.066667,1097.836941
9053,13/07/2015,8,-1.129,74.86203351,id9053,MOL,1985.3,0.354133333,NA,3100.066667,1097.836941
9053,15/07/2015,10,-1.183,55.24163344,id9053,MOL,1769.9,0.354133333,NA,3100.066667,1097.836941
9053,16/07/2015,11,-0.681,44.43857193,id9053,MOL,1651.3,0.354133333,NA,3100.066667,1097.836941
9053,17/07/2015,12,-1.986,38.39942372,id9053,MOL,1585,0.354133333,NA,3100.066667,1097.836941
9053,20/07/2015,15,,27.55081811,id9053,MOL,1465.9,0.354133333,WP<-3 Mpa,3100.066667,1097.836941
9053,21/07/2015,16,,25.33737465,id9053,MOL,1441.6,0.354133333,WP<-3 MPa and DEAD,3100.066667,1097.836941
1013,03/07/2015,0,-0.386,149.2584963,id1013,PIN,2907.3,0.354133333,NA,3219.3,1140.061439
1013,06/07/2015,1,-0.464,137.1275712,id1013,PIN,2769,0.354133333,it was written -0.277,3219.3,1140.061439
1013,07/07/2015,2,-0.367,130.3472348,id1013,PIN,2691.7,0.354133333,NA,3219.3,1140.061439
1013,08/07/2015,3,-0.398,122.3038087,id1013,PIN,2600,0.354133333,NA,3219.3,1140.061439
1013,09/07/2015,4,-0.451,114.9884135,id1013,PIN,2516.6,0.354133333,NA,3219.3,1140.061439
1013,10/07/2015,5,-0.393,108.1203626,id1013,PIN,2438.3,0.354133333,NA,3219.3,1140.061439
1013,13/07/2015,8,-1.02,87.53375274,id1013,PIN,2203.6,0.354133333,NA,3219.3,1140.061439
1013,15/07/2015,10,-0.184,75.93788646,id1013,PIN,2071.4,0.354133333,WP appears to be very high for the pot water content,3219.3,1140.061439
1013,16/07/2015,11,-0.395,68.92949224,id1013,PIN,1991.5,0.354133333,NA,3219.3,1140.061439
1013,17/07/2015,12,-0.586,64.85953615,id1013,PIN,1945.1,0.354133333,NA,3219.3,1140.061439
1013,20/07/2015,15,-0.182,54.93024671,id1013,PIN,1831.9,0.354133333,NA,3219.3,1140.061439
1013,21/07/2015,16,-0.809,52.22863793,id1013,PIN,1801.1,0.354133333,NA,3219.3,1140.061439
1013,22/07/2015,17,-0.943,49.7814014,id1013,PIN,1773.2,0.354133333,NA,3219.3,1140.061439
1013,23/07/2015,18,-1.066,47.69379461,id1013,PIN,1749.4,0.354133333,NA,3219.3,1140.061439
1013,24/07/2015,19,-0.21,45.33427265,id1013,PIN,1722.5,0.354133333,NA,3219.3,1140.061439
1013,27/07/2015,22,-1.097,39.57142533,id1013,PIN,1656.8,0.354133333,NA,3219.3,1140.061439
1013,28/07/2015,23,-1.399,37.84344829,id1013,PIN,1637.1,0.354133333,NA,3219.3,1140.061439
1013,29/07/2015,24,-1.452,36.44001515,id1013,PIN,1621.1,0.354133333,NA,3219.3,1140.061439
1013,30/07/2015,25,-0.228,-92.74535563,id1013,PIN,1549.6,6.354133333,NA,3219.3,20455.86144
1081,03/07/2015,0,-0.388,153.1176279,id1081,PIN,2661.2,0.354133333,NA,2895.666667,1025.452088
1081,06/07/2015,1,-0.459,144.2434931,id1081,PIN,2570.2,0.354133333,NA,2895.666667,1025.452088
1081,07/07/2015,2,-0.413,135.2035779,id1081,PIN,2477.5,0.354133333,NA,2895.666667,1025.452088
1081,08/07/2015,3,-0.586,130.3861904,id1081,PIN,2428.1,0.354133333,NA,2895.666667,1025.452088
1081,09/07/2015,4,-0.362,119.2593907,id1081,PIN,2314,0.354133333,NA,2895.666667,1025.452088
1081,10/07/2015,5,-0.37,114.7540608,id1081,PIN,2267.8,0.354133333,NA,2895.666667,1025.452088
1081,13/07/2015,8,-0.564,87.6733221,id1081,PIN,1990.1,0.354133333,NA,2895.666667,1025.452088
1081,15/07/2015,10,-0.487,72.48977508,id1081,PIN,1834.4,0.354133333,NA,2895.666667,1025.452088
1081,16/07/2015,11,-0.431,66.08284483,id1081,PIN,1768.7,0.354133333,NA,2895.666667,1025.452088
1081,17/07/2015,12,-0.529,63.11829872,id1081,PIN,1738.3,0.354133333,NA,2895.666667,1025.452088
1081,20/07/2015,15,-0.583,51.464902,id1081,PIN,1618.8,0.354133333,NA,2895.666667,1025.452088
1081,21/07/2015,16,-0.693,48.00301427,id1081,PIN,1583.3,0.354133333,NA,2895.666667,1025.452088
1081,22/07/2015,17,-0.706,45.49680259,id1081,PIN,1557.6,0.354133333,NA,2895.666667,1025.452088
1081,23/07/2015,18,-0.653,43.17587504,id1081,PIN,1533.8,0.354133333,NA,2895.666667,1025.452088
1081,24/07/2015,19,-0.82,40.8256921,id1081,PIN,1509.7,0.354133333,NA,2895.666667,1025.452088
1081,27/07/2015,22,-0.999,34.23347772,id1081,PIN,1442.1,0.354133333,NA,2895.666667,1025.452088
1081,28/07/2015,23,-0.874,32.29287024,id1081,PIN,1422.2,0.354133333,NA,2895.666667,1025.452088
1081,29/07/2015,24,-1.016,30.88861155,id1081,PIN,1407.8,0.354133333,NA,2895.666667,1025.452088
1081,30/07/2015,25,-1.362,-94.52684162,id1081,PIN,1389.6,8.354133333,NA,2895.666667,24190.78542
1082,03/07/2015,0,-0.421,143.8059393,id1082,PIN,2536.3,0.354133333,NA,2861.6,1013.387946
1082,06/07/2015,1,-0.362,136.0991178,id1082,PIN,2458.2,0.354133333,NA,2861.6,1013.387946
1082,07/07/2015,2,-0.429,130.9086081,id1082,PIN,2405.6,0.354133333,NA,2861.6,1013.387946
1082,08/07/2015,3,-0.53,127.1884138,id1082,PIN,2367.9,0.354133333,NA,2861.6,1013.387946
1082,09/07/2015,4,-0.396,120.9519079,id1082,PIN,2304.7,0.354133333,NA,2861.6,1013.387946
1082,10/07/2015,5,-0.394,116.5606971,id1082,PIN,2260.2,0.354133333,NA,2861.6,1013.387946
1082,13/07/2015,8,-0.5,98.2656305,id1082,PIN,2074.8,0.354133333,NA,2861.6,1013.387946
1082,15/07/2015,10,-0.598,85.49658183,id1082,PIN,1945.4,0.354133333,NA,2861.6,1013.387946
1082,16/07/2015,11,-0.316,78.4706447,id1082,PIN,1874.2,0.354133333,NA,2861.6,1013.387946
1082,17/07/2015,12,-0.532,73.53670008,id1082,PIN,1824.2,0.354133333,NA,2861.6,1013.387946
1082,20/07/2015,15,-0.671,52.42928501,id1082,PIN,1610.3,0.354133333,NA,2861.6,1013.387946
1082,21/07/2015,16,-0.641,47.17956793,id1082,PIN,1557.1,0.354133333,NA,2861.6,1013.387946
1082,22/07/2015,17,-1.272,42.02852975,id1082,PIN,1504.9,0.354133333,NA,2861.6,1013.387946
1082,23/07/2015,18,-0.855,38.23926029,id1082,PIN,1466.5,0.354133333,NA,2861.6,1013.387946
1082,24/07/2015,19,-0.667,35.53545864,id1082,PIN,1439.1,0.354133333,NA,2861.6,1013.387946
1082,27/07/2015,22,-0.797,27.38458213,id1082,PIN,1356.5,0.354133333,NA,2861.6,1013.387946
1082,28/07/2015,23,-0.972,25.06562816,id1082,PIN,1333,0.354133333,NA,2861.6,1013.387946
1082,29/07/2015,24,-0.782,23.0131072,id1082,PIN,1312.2,0.354133333,NA,2861.6,1013.387946
1082,30/07/2015,25,-0.644,-92.00594617,id1082,PIN,1290.4,5.354133333,NA,2861.6,15321.38795
1083,03/07/2015,0,-0.388,159.3918908,id1083,PIN,2913.3,0.354133333,NA,3100.066667,1097.836941
1083,06/07/2015,1,-0.451,150.5107905,id1083,PIN,2815.8,0.354133333,NA,3100.066667,1097.836941
1083,07/07/2015,2,-0.398,146.2478624,id1083,PIN,2769,0.354133333,NA,3100.066667,1097.836941
1083,08/07/2015,3,-0.433,139.9901025,id1083,PIN,2700.3,0.354133333,NA,3100.066667,1097.836941
1083,09/07/2015,4,-0.375,133.4408603,id1083,PIN,2628.4,0.354133333,NA,3100.066667,1097.836941
1083,10/07/2015,5,-0.401,128.7042734,id1083,PIN,2576.4,0.354133333,NA,3100.066667,1097.836941
1083,13/07/2015,8,-0.537,109.5302056,id1083,PIN,2365.9,0.354133333,NA,3100.066667,1097.836941
1083,15/07/2015,10,-0.504,91.83176672,id1083,PIN,2171.6,0.354133333,NA,3100.066667,1097.836941
1083,16/07/2015,11,-0.513,83.89798378,id1083,PIN,2084.5,0.354133333,NA,3100.066667,1097.836941
1083,17/07/2015,12,-0.507,78.80615293,id1083,PIN,2028.6,0.354133333,NA,3100.066667,1097.836941
1083,20/07/2015,15,-0.464,62.0914667,id1083,PIN,1845.1,0.354133333,NA,3100.066667,1097.836941
1083,21/07/2015,16,-0.644,58.31130606,id1083,PIN,1803.6,0.354133333,NA,3100.066667,1097.836941
1083,22/07/2015,17,-0.678,54.63134244,id1083,PIN,1763.2,0.354133333,NA,3100.066667,1097.836941
1083,23/07/2015,18,-0.549,51.68919331,id1083,PIN,1730.9,0.354133333,NA,3100.066667,1097.836941
1083,24/07/2015,19,-0.636,48.39180017,id1083,PIN,1694.7,0.354133333,NA,3100.066667,1097.836941
1083,27/07/2015,22,-0.579,41.42355224,id1083,PIN,1618.2,0.354133333,NA,3100.066667,1097.836941
1083,28/07/2015,23,-0.837,38.97327943,id1083,PIN,1591.3,0.354133333,NA,3100.066667,1097.836941
1083,29/07/2015,24,-0.602,37.16973291,id1083,PIN,1571.5,0.354133333,NA,3100.066667,1097.836941
1083,30/07/2015,25,-0.814,-61.59511626,id1083,PIN,1677.8,1.354133333,NA,3100.066667,4197.903608
2033,03/07/2015,0,-0.363,153.1278593,id2033,PIN,2859.8,0.354133333,NA,3117.1,1103.869012
2033,06/07/2015,1,-0.414,142.7008975,id2033,PIN,2744.7,0.354133333,NA,3117.1,1103.869012
2033,07/07/2015,2,-0.526,136.6585139,id2033,PIN,2678,0.354133333,NA,3117.1,1103.869012
2033,08/07/2015,3,-0.464,129.7102257,id2033,PIN,2601.3,0.354133333,NA,3117.1,1103.869012
2033,09/07/2015,4,-0.599,124.039263,id2033,PIN,2538.7,0.354133333,NA,3117.1,1103.869012
2033,10/07/2015,5,-0.362,118.4135956,id2033,PIN,2476.6,0.354133333,NA,3117.1,1103.869012
2033,13/07/2015,8,-0.439,99.21747739,id2033,PIN,2264.7,0.354133333,NA,3117.1,1103.869012
2033,15/07/2015,10,-0.544,86.86999789,id2033,PIN,2128.4,0.354133333,NA,3117.1,1103.869012
2033,16/07/2015,11,-0.846,79.82206022,id2033,PIN,2050.6,0.354133333,NA,3117.1,1103.869012
2033,17/07/2015,12,-0.49,75.1566516,id2033,PIN,1999.1,0.354133333,NA,3117.1,1103.869012
2033,20/07/2015,15,-0.72,56.54937142,id2033,PIN,1793.7,0.354133333,NA,3117.1,1103.869012
2033,21/07/2015,16,-0.637,53.19752445,id2033,PIN,1756.7,0.354133333,NA,3117.1,1103.869012
2033,22/07/2015,17,-0.651,49.75508702,id2033,PIN,1718.7,0.354133333,NA,3117.1,1103.869012
2033,23/07/2015,18,-0.763,46.77466094,id2033,PIN,1685.8,0.354133333,NA,3117.1,1103.869012
2033,24/07/2015,19,-0.662,44.34683665,id2033,PIN,1659,0.354133333,NA,3117.1,1103.869012
2033,27/07/2015,22,-0.531,37.55255226,id2033,PIN,1584,0.354133333,NA,3117.1,1103.869012
2033,28/07/2015,23,-1.038,35.45085362,id2033,PIN,1560.8,0.354133333,NA,3117.1,1103.869012
2033,29/07/2015,24,-0.814,33.80210727,id2033,PIN,1542.6,0.354133333,NA,3117.1,1103.869012
2033,30/07/2015,25,-0.899,-95.00716259,id2033,PIN,1521.4,9.354133333,NA,3117.1,29157.76901
1051,03/07/2015,0,-0.63,141.0695946,id1051,PTE,2799.4,0.354133333,NA,3202.266667,1134.029368
1051,06/07/2015,1,-0.661,132.498388,id1051,PTE,2702.2,0.354133333,NA,3202.266667,1134.029368
1051,07/07/2015,2,,129.6765916,id1051,PTE,2670.2,0.354133333,Steam broke no measure,3202.266667,1134.029368
1051,08/07/2015,3,,127.0487937,id1051,PTE,2640.4,0.354133333,at -2.278 you did not see a drop so write NA,3202.266667,1134.029368
1051,09/07/2015,4,-0.952,123.5744569,id1051,PTE,2601,0.354133333,NA,3202.266667,1134.029368
1051,10/07/2015,5,-0.362,121.1318394,id1051,PTE,2573.3,0.354133333,NA,3202.266667,1134.029368
1051,13/07/2015,8,-1.093,111.3260968,id1051,PTE,2462.1,0.354133333,NA,3202.266667,1134.029368
1051,15/07/2015,10,-0.685,105.2592346,id1051,PTE,2393.3,0.354133333,NA,3202.266667,1134.029368
1051,16/07/2015,11,-0.761,101.731989,id1051,PTE,2353.3,0.354133333,NA,3202.266667,1134.029368
1051,17/07/2015,12,-0.55,97.43756763,id1051,PTE,2304.6,0.354133333,NA,3202.266667,1134.029368
1051,20/07/2015,15,-0.348,87.72882435,id1051,PTE,2194.5,0.354133333,NA,3202.266667,1134.029368
1051,21/07/2015,16,-1.047,81.68841641,id1051,PTE,2126,0.354133333,NA,3202.266667,1134.029368
1051,22/07/2015,17,-1.05,76.77672703,id1051,PTE,2070.3,0.354133333,NA,3202.266667,1134.029368
1051,23/07/2015,18,,73.51402493,id1051,PTE,2033.3,0.354133333,Steam broke no measure,3202.266667,1134.029368
1051,24/07/2015,19,-0.377,70.18077792,id1051,PTE,1995.5,0.354133333,fern with no leaf,3202.266667,1134.029368
2073,03/07/2015,0,-0.416,120.9751559,id2073,PTE,2424.9,0.354133333,NA,3014.9,1067.676586
2073,06/07/2015,1,-1.04,114.1004149,id2073,PTE,2351.5,0.354133333,NA,3014.9,1067.676586
2073,07/07/2015,2,-0.635,104.5656924,id2073,PTE,2249.7,0.354133333,NA,3014.9,1067.676586
2073,08/07/2015,3,-0.489,95.46181194,id2073,PTE,2152.5,0.354133333,NA,3014.9,1067.676586
2073,09/07/2015,4,-0.625,84.22245335,id2073,PTE,2032.5,0.354133333,NA,3014.9,1067.676586
2073,10/07/2015,5,-0.75,78.03144,id2073,PTE,1966.4,0.354133333,NA,3014.9,1067.676586
2073,13/07/2015,8,-0.549,57.43531539,id2073,PTE,1746.5,0.354133333,NA,3014.9,1067.676586
2073,15/07/2015,10,-0.27,46.14912615,id2073,PTE,1626,0.354133333,NA,3014.9,1067.676586
2073,16/07/2015,11,-1.225,40.81043082,id2073,PTE,1569,0.354133333,NA,3014.9,1067.676586
2073,17/07/2015,12,-0.469,38.57192523,id2073,PTE,1545.1,0.354133333,NA,3014.9,1067.676586
2073,20/07/2015,15,-1.09,30.66690969,id2073,PTE,1460.7,0.354133333,NA,3014.9,1067.676586
2073,21/07/2015,16,-1.256,28.99037204,id2073,PTE,1442.8,0.354133333,NA,3014.9,1067.676586
2073,22/07/2015,17,-0.91,26.60200834,id2073,PTE,1417.3,0.354133333,NA,3014.9,1067.676586
2073,23/07/2015,18,-1.106,24.41969955,id2073,PTE,1394,0.354133333,NA,3014.9,1067.676586
2073,24/07/2015,19,,22.34041821,id2073,PTE,1371.8,0.354133333,Steam broke no measure,3014.9,1067.676586
2073,27/07/2015,22,-0.478,15.93398381,id2073,PTE,1303.4,0.354133333,NA,3014.9,1067.676586
2073,28/07/2015,23,-0.791,14.17315097,id2073,PTE,1284.6,0.354133333,NA,3014.9,1067.676586
2073,29/07/2015,24,-0.723,12.29992454,id2073,PTE,1264.6,0.354133333,NA,3014.9,1067.676586
2073,30/07/2015,25,-0.959,-88.34991963,id2073,PTE,1243.7,3.354133333,NA,3014.9,10112.37659
6014,03/07/2015,0,,134.5271111,id6014,PTE,2753.5,0.354133333,NO MEASURE,3236.333333,1146.09351
6014,06/07/2015,1,-0.685,111.0386263,id6014,PTE,2484.3,0.354133333,NA,3236.333333,1146.09351
6014,07/07/2015,2,-0.374,99.52996679,id6014,PTE,2352.4,0.354133333,NA,3236.333333,1146.09351
6014,09/07/2015,4,-0.505,76.70460414,id6014,PTE,2090.8,0.354133333,NA,3236.333333,1146.09351
6014,10/07/2015,5,-0.601,70.86738411,id6014,PTE,2023.9,0.354133333,NA,3236.333333,1146.09351
6014,13/07/2015,8,-1.158,42.13499909,id6014,PTE,1694.6,0.354133333,NA,3236.333333,1146.09351
6014,15/07/2015,10,-1.428,32.74658539,id6014,PTE,1587,0.354133333,NA,3236.333333,1146.09351
6014,16/07/2015,11,-1.34,30.53908664,id6014,PTE,1561.7,0.354133333,NA,3236.333333,1146.09351
6014,17/07/2015,12,-1.403,29.27391936,id6014,PTE,1547.2,0.354133333,NA,3236.333333,1146.09351
6014,21/07/2015,16,,24.71931718,id6014,PTE,1495,0.354133333,WP<-3 MPa and DEAD,3236.333333,1146.09351
7104,03/07/2015,0,-0.586,143.0255451,id7104,PTE,2850.9,0.354133333,NA,3236.333333,1146.09351
7104,06/07/2015,1,-0.758,116.7624176,id7104,PTE,2549.9,0.354133333,NA,3236.333333,1146.09351
7104,07/07/2015,2,,102.7321488,id7104,PTE,2389.1,0.354133333,Steam broke no measure,3236.333333,1146.09351
7104,08/07/2015,3,-0.677,91.60740208,id7104,PTE,2261.6,0.354133333,NA,3236.333333,1146.09351
7104,09/07/2015,4,-0.874,70.67542769,id7104,PTE,2021.7,0.354133333,NA,3236.333333,1146.09351
7104,10/07/2015,5,-0.565,62.0112132,id7104,PTE,1922.4,0.354133333,NA,3236.333333,1146.09351
7104,13/07/2015,8,-1.403,32.33649669,id7104,PTE,1582.3,0.354133333,NA,3236.333333,1146.09351
7104,15/07/2015,10,,28.71550071,id7104,PTE,1540.8,0.354133333,WP<-3 MPa and DEAD,3236.333333,1146.09351
8014,08/07/2015,3,-1.085,NA,id8014,PTE,2275.9,0.354133333,why is this highlighted in green?,NA,NA
8014,20/07/2015,15,,NA,id8014,PTE,1505.1,0.354133333,WP<-3 Mpa,NA,NA
8052,03/07/2015,0,-0.834,130.0941783,id8052,PTE,2563.9,0.354133333,NA,3066,1085.772799
8052,06/07/2015,1,-0.713,124.6878907,id8052,PTE,2505.2,0.354133333,NA,3066,1085.772799
8052,07/07/2015,2,-0.562,116.6106944,id8052,PTE,2417.5,0.354133333,NA,3066,1085.772799
8052,08/07/2015,3,-0.814,108.3216675,id8052,PTE,2327.5,0.354133333,NA,3066,1085.772799
8052,09/07/2015,4,-0.167,101.4786152,id8052,PTE,2253.2,0.354133333,NA,3066,1085.772799
8052,10/07/2015,5,-0.689,94.79213349,id8052,PTE,2180.6,0.354133333,NA,3066,1085.772799
8052,13/07/2015,8,-0.419,76.87862523,id8052,PTE,1986.1,0.354133333,NA,3066,1085.772799
8052,15/07/2015,10,-0.595,65.32924767,id8052,PTE,1860.7,0.354133333,NA,3066,1085.772799
8052,16/07/2015,11,-0.358,60.73344273,id8052,PTE,1810.8,0.354133333,NA,3066,1085.772799
8052,17/07/2015,12,-1.056,57.24284138,id8052,PTE,1772.9,0.354133333,NA,3066,1085.772799
8052,20/07/2015,15,-0.747,46.07107504,id8052,PTE,1651.6,0.354133333,NA,3066,1085.772799
8052,21/07/2015,16,-1.195,43.18833567,id8052,PTE,1620.3,0.354133333,NA,3066,1085.772799
8052,22/07/2015,17,-1.095,39.94640513,id8052,PTE,1585.1,0.354133333,NA,3066,1085.772799
8052,23/07/2015,18,-0.329,36.90709524,id8052,PTE,1552.1,0.354133333,NA,3066,1085.772799
8052,24/07/2015,19,-0.75,34.26381664,id8052,PTE,1523.4,0.354133333,NA,3066,1085.772799
8052,27/07/2015,22,-0.18,27.0247331,id8052,PTE,1444.8,0.354133333,measure of the mean steam,3066,1085.772799
8052,28/07/2015,23,-0.852,25.32087756,id8052,PTE,1426.3,0.354133333,NA,3066,1085.772799
1022,03/07/2015,0,,138.801686,id1022,QUE,2831.3,0.354133333,NO MEASURE (AFTER RUBBER BLOWS UP COULDN´T INCREASE THE PRESSURE AFTER 0.800 MPA),3270.4,1158.157652
1022,06/07/2015,1,-0.459,118.4763011,id1022,QUE,2595.9,0.354133333,NA,3270.4,1158.157652
1022,07/07/2015,2,-0.311,110.8607576,id1022,QUE,2507.7,0.354133333,weight was blank,3270.4,1158.157652
1022,08/07/2015,3,-0.443,101.6392151,id1022,QUE,2400.9,0.354133333,NA,3270.4,1158.157652
1022,09/07/2015,4,-0.659,88.3595032,id1022,QUE,2247.1,0.354133333,NA,3270.4,1158.157652
1022,10/07/2015,5,-0.496,80.43312117,id1022,QUE,2155.3,0.354133333,NA,3270.4,1158.157652
1022,13/07/2015,8,-0.595,51.48196764,id1022,QUE,1820,0.354133333,NA,3270.4,1158.157652
1022,15/07/2015,10,-0.53,43.13249986,id1022,QUE,1723.3,0.354133333,NA,3270.4,1158.157652
1022,16/07/2015,11,-0.526,38.15044928,id1022,QUE,1665.6,0.354133333,NA,3270.4,1158.157652
1022,17/07/2015,12,-0.858,35.59466597,id1022,QUE,1636,0.354133333,NA,3270.4,1158.157652
1022,20/07/2015,15,-1.904,27.89277843,id1022,QUE,1546.8,0.354133333,NA,3270.4,1158.157652
1022,21/07/2015,16,-2.147,25.79461848,id1022,QUE,1522.5,0.354133333,NA,3270.4,1158.157652
1022,22/07/2015,17,-2.523,23.84324338,id1022,QUE,1499.9,0.354133333,NA,3270.4,1158.157652
1022,23/07/2015,18,-2.789,21.77962104,id1022,QUE,1476,0.354133333,NA,3270.4,1158.157652
1022,24/07/2015,19,,19.92322438,id1022,QUE,1454.5,0.354133333,WP<-3MPa,3270.4,1158.157652
1022,27/07/2015,22,,14.76848574,id1022,QUE,1394.8,0.354133333,WP<-3MPa,3270.4,1158.157652
1023,03/07/2015,0,-0.172,152.6757175,id1023,QUE,2961.5,0.354133333,NA,3236.333333,1146.09351
1023,06/07/2015,1,-0.343,141.6382237,id1023,QUE,2835,0.354133333,it was written -0.362,3236.333333,1146.09351
1023,07/07/2015,2,-0.525,135.1291563,id1023,QUE,2760.4,0.354133333,weight was blank,3236.333333,1146.09351
1023,08/07/2015,3,-0.495,131.3860062,id1023,QUE,2717.5,0.354133333,NA,3236.333333,1146.09351
1023,09/07/2015,4,-0.287,121.5526026,id1023,QUE,2604.8,0.354133333,NA,3236.333333,1146.09351
1023,10/07/2015,5,-0.555,117.6262214,id1023,QUE,2559.8,0.354133333,NA,3236.333333,1146.09351
1023,13/07/2015,8,-0.473,86.13664429,id1023,QUE,2198.9,0.354133333,NA,3236.333333,1146.09351
1023,15/07/2015,10,-1.155,65.44025277,id1023,QUE,1961.7,0.354133333,NA,3236.333333,1146.09351
1023,16/07/2015,11,-1.043,55.63302509,id1023,QUE,1849.3,0.354133333,NA,3236.333333,1146.09351
1023,17/07/2015,12,-0.674,49.99648676,id1023,QUE,1784.7,0.354133333,NA,3236.333333,1146.09351
1023,20/07/2015,15,-1.584,35.07623823,id1023,QUE,1613.7,0.354133333,NA,3236.333333,1146.09351
1023,21/07/2015,16,-1.833,31.8129792,id1023,QUE,1576.3,0.354133333,NA,3236.333333,1146.09351
1023,22/07/2015,17,-2.28,29.01216062,id1023,QUE,1544.2,0.354133333,NA,3236.333333,1146.09351
1023,23/07/2015,18,-2.811,26.63888132,id1023,QUE,1517,0.354133333,NA,3236.333333,1146.09351
1023,24/07/2015,19,,24.25687673,id1023,QUE,1489.7,0.354133333,WP<-3MPa,3236.333333,1146.09351
1023,27/07/2015,22,,18.78611894,id1023,QUE,1427,0.354133333,WP<-3MPa,3236.333333,1146.09351
3064,03/07/2015,0,-0.588,152.3303259,id3064,QUE,2927.1,0.354133333,NA,3202.266667,1134.029368
3064,06/07/2015,1,-0.554,141.642772,id3064,QUE,2805.9,0.354133333,NA,3202.266667,1134.029368
3064,07/07/2015,2,-0.523,136.4665392,id3064,QUE,2747.2,0.354133333,weight was blank,3202.266667,1134.029368
3064,08/07/2015,3,-0.72,131.643031,id3064,QUE,2692.5,0.354133333,NA,3202.266667,1134.029368
3064,09/07/2015,4,-0.243,123.6097293,id3064,QUE,2601.4,0.354133333,NA,3202.266667,1134.029368
3064,10/07/2015,5,-0.357,119.3329442,id3064,QUE,2552.9,0.354133333,NA,3202.266667,1134.029368
3064,13/07/2015,8,-0.812,95.00376822,id3064,QUE,2277,0.354133333,NA,3202.266667,1134.029368
3064,15/07/2015,10,-0.74,78.73434829,id3064,QUE,2092.5,0.354133333,NA,3202.266667,1134.029368
3064,16/07/2015,11,-0.644,69.00796879,id3064,QUE,1982.2,0.354133333,NA,3202.266667,1134.029368
3064,17/07/2015,12,-0.368,63.1968318,id3064,QUE,1916.3,0.354133333,NA,3202.266667,1134.029368
3064,20/07/2015,15,-0.647,46.6893228,id3064,QUE,1729.1,0.354133333,NA,3202.266667,1134.029368
3064,21/07/2015,16,-1.389,42.87989764,id3064,QUE,1685.9,0.354133333,NA,3202.266667,1134.029368
3064,22/07/2015,17,-0.704,38.66483926,id3064,QUE,1638.1,0.354133333,NA,3202.266667,1134.029368
3064,23/07/2015,18,-0.669,35.18168431,id3064,QUE,1598.6,0.354133333,NA,3202.266667,1134.029368
3064,24/07/2015,19,-1.295,32.06007203,id3064,QUE,1563.2,0.354133333,NA,3202.266667,1134.029368
3064,27/07/2015,22,-1.895,24.37067681,id3064,QUE,1476,0.354133333,NA,3202.266667,1134.029368
3064,28/07/2015,23,-2.225,22.14851214,id3064,QUE,1450.8,0.354133333,NA,3202.266667,1134.029368
3064,29/07/2015,24,-2.396,18.95635495,id3064,QUE,1414.6,0.354133333,NA,3202.266667,1134.029368
3064,30/07/2015,25,-2.572,-82.15707618,id3064,QUE,1410.7,2.354133333,NA,3202.266667,7538.562701
5034,03/07/2015,0,-0.42,155.3461208,id5034,QUE,2961.3,0.354133333,NA,3202.266667,1134.029368
5034,06/07/2015,1,-0.277,144.2705699,id5034,QUE,2835.7,0.354133333,NA,3202.266667,1134.029368
5034,07/07/2015,2,-0.304,139.5881515,id5034,QUE,2782.6,0.354133333,weight was blank,3202.266667,1134.029368
5034,08/07/2015,3,-0.441,134.7205527,id5034,QUE,2727.4,0.354133333,NA,3202.266667,1134.029368
5034,09/07/2015,4,-0.387,128.0540587,id5034,QUE,2651.8,0.354133333,NA,3202.266667,1134.029368
5034,10/07/2015,5,-0.332,122.9571889,id5034,QUE,2594,0.354133333,NA,3202.266667,1134.029368
5034,13/07/2015,8,-0.584,97.49929442,id5034,QUE,2305.3,0.354133333,NA,3202.266667,1134.029368
5034,15/07/2015,10,-0.598,81.28278317,id5034,QUE,2121.4,0.354133333,NA,3202.266667,1134.029368
5034,16/07/2015,11,-0.706,70.24250472,id5034,QUE,1996.2,0.354133333,NA,3202.266667,1134.029368
5034,17/07/2015,12,-1.181,65.54245007,id5034,QUE,1942.9,0.354133333,NA,3202.266667,1134.029368
5034,20/07/2015,15,-0.991,49.48466487,id5034,QUE,1760.8,0.354133333,NA,3202.266667,1134.029368
5034,21/07/2015,16,-1.433,45.26960648,id5034,QUE,1713,0.354133333,NA,3202.266667,1134.029368
5034,22/07/2015,17,-1.097,41.01045752,id5034,QUE,1664.7,0.354133333,NA,3202.266667,1134.029368
5034,24/07/2015,19,-1.232,35.79895228,id5034,QUE,1605.6,0.354133333,NA,3202.266667,1134.029368
5034,27/07/2015,22,-1.716,29.30882053,id5034,QUE,1532,0.354133333,NA,3202.266667,1134.029368
5034,28/07/2015,23,-1.831,27.15720077,id5034,QUE,1507.6,0.354133333,NA,3202.266667,1134.029368
5034,29/07/2015,24,-2.268,25.6404852,id5034,QUE,1490.4,0.354133333,NA,3202.266667,1134.029368
5034,30/07/2015,25,-2.055,-89.91185317,id5034,QUE,1472.2,4.354133333,NA,3202.266667,13943.09603
6045,22/07/2015,17,-1.5,NA,id6045,QUE,1884.8,0.354133333,NA,NA,NA
6054,03/07/2015,0,-0.296,161.3062063,id6054,QUE,3107.7,0.354133333,NA,3287.433333,1164.189723
6054,06/07/2015,1,-0.327,153.4208936,id6054,QUE,3015.9,0.354133333,NA,3287.433333,1164.189723
6054,07/07/2015,2,-0.491,148.9628573,id6054,QUE,2964,0.354133333,weight was blank,3287.433333,1164.189723
6054,08/07/2015,3,-0.594,141.9365112,id6054,QUE,2882.2,0.354133333,NA,3287.433333,1164.189723
6054,09/07/2015,4,-0.274,136.7139947,id6054,QUE,2821.4,0.354133333,NA,3287.433333,1164.189723
6054,10/07/2015,5,-0.262,131.0276363,id6054,QUE,2755.2,0.354133333,NA,3287.433333,1164.189723
6054,13/07/2015,8,-0.6,112.1733211,id6054,QUE,2535.7,0.354133333,NA,3287.433333,1164.189723
6054,15/07/2015,10,-0.449,100.680349,id6054,QUE,2401.9,0.354133333,NA,3287.433333,1164.189723
6054,16/07/2015,11,-0.511,87.95905479,id6054,QUE,2253.8,0.354133333,NA,3287.433333,1164.189723
6054,17/07/2015,12,-0.5,82.43590004,id6054,QUE,2189.5,0.354133333,NA,3287.433333,1164.189723
6054,20/07/2015,15,-1.053,64.92157262,id6054,QUE,1985.6,0.354133333,NA,3287.433333,1164.189723
6054,21/07/2015,16,-0.63,61.18506824,id6054,QUE,1942.1,0.354133333,NA,3287.433333,1164.189723
6054,23/07/2015,18,-1.275,53.1880899,id6054,QUE,1849,0.354133333,NA,3287.433333,1164.189723
6054,24/07/2015,19,-1.643,50.38785903,id6054,QUE,1816.4,0.354133333,NA,3287.433333,1164.189723
6054,27/07/2015,22,-2.19,42.33075304,id6054,QUE,1722.6,0.354133333,NA,3287.433333,1164.189723
6054,28/07/2015,23,-2.523,40.30359204,id6054,QUE,1699,0.354133333,NA,3287.433333,1164.189723
6054,29/07/2015,24,-2.684,38.43104502,id6054,QUE,1677.2,0.354133333,NA,3287.433333,1164.189723
6054,30/07/2015,25,-2.658,-95.74585582,id6054,QUE,1653.5,11.35413333,NA,3287.433333,37325.95638
5034,23/07/2015,18,-1.175,38.34738716,id5034,QUE ,1634.5,0.354133333,NA,3202.266667,1134.029368
1071,03/07/2015,0,-0.316,115.3716415,id1071,ZEA,2624.9,0.354133333,NA,3355.566667,1188.318008
1071,06/07/2015,1,-0.574,63.33169971,id1071,ZEA,2006.5,0.354133333,NA,3355.566667,1188.318008
1071,07/07/2015,2,-0.44,46.37495928,id1071,ZEA,1805,0.354133333,NA,3355.566667,1188.318008
1071,08/07/2015,3,-0.897,39.17991558,id1071,ZEA,1719.5,0.354133333,NA,3355.566667,1188.318008
1071,09/07/2015,4,-1.278,30.99187169,id1071,ZEA,1622.2,0.354133333,NA,3355.566667,1188.318008
1071,10/07/2015,5,-1.517,27.87822705,id1071,ZEA,1585.2,0.354133333,NA,3355.566667,1188.318008
1071,13/07/2015,8,,19.40406446,id1071,ZEA,1484.5,0.354133333,WP<-3 Mpa,3355.566667,1188.318008
1071,15/07/2015,10,-1.478,15.64244512,id1071,ZEA,1439.8,0.354133333,NA,3355.566667,1188.318008
1071,16/07/2015,11,-0.561,13.83316513,id1071,ZEA,1418.3,0.354133333,NA,3355.566667,1188.318008
1071,17/07/2015,12,,12.80650392,id1071,ZEA,1406.1,0.354133333,WP<-3 MPa and DEAD,3355.566667,1188.318008
2024,03/07/2015,0,-0.4,118.3464117,id2024,ZEA,2502.2,0.354133333,NA,3151.166667,1115.933155
2024,06/07/2015,1,-0.559,72.34903294,id2024,ZEA,1988.9,0.354133333,NA,3151.166667,1115.933155
2024,07/07/2015,2,-0.325,45.03556897,id2024,ZEA,1684.1,0.354133333,NA,3151.166667,1115.933155
2024,08/07/2015,3,-0.609,30.04363157,id2024,ZEA,1516.8,0.354133333,NA,3151.166667,1115.933155
2024,09/07/2015,4,-1.226,19.60393816,id2024,ZEA,1400.3,0.354133333,was written -0.807,3151.166667,1115.933155
2024,10/07/2015,5,-1.543,16.21663849,id2024,ZEA,1362.5,0.354133333,NA,3151.166667,1115.933155
2024,13/07/2015,8,,8.241250394,id2024,ZEA,1273.5,0.354133333,WP<-3 MPa and DEAD,3151.166667,1115.933155
3044,03/07/2015,0,-0.287,141.3667132,id3044,ZEA,2540.7,0.354133333,NA,2895.666667,1025.452088
3044,06/07/2015,1,-0.545,118.9960922,id3044,ZEA,2311.3,0.354133333,NA,2895.666667,1025.452088
3044,07/07/2015,2,-0.352,101.1600566,id3044,ZEA,2128.4,0.354133333,NA,2895.666667,1025.452088
3044,08/07/2015,3,-0.761,85.42065713,id3044,ZEA,1967,0.354133333,was written 2369,2895.666667,1025.452088
3044,09/07/2015,4,-0.483,59.72467356,id3044,ZEA,1703.5,0.354133333,NA,2895.666667,1025.452088
3044,10/07/2015,5,-0.3,50.87004242,id3044,ZEA,1612.7,0.354133333,NA,2895.666667,1025.452088
3044,13/07/2015,8,-1.203,24.32565256,id3044,ZEA,1340.5,0.354133333,NA,2895.666667,1025.452088
3044,15/07/2015,10,-0.288,17.24584836,id3044,ZEA,1267.9,0.354133333,why is this highlighted in yellow?,2895.666667,1025.452088
3044,16/07/2015,11,-1.743,15.10045315,id3044,ZEA,1245.9,0.354133333,NA,2895.666667,1025.452088
3044,17/07/2015,12,-2.125,13.84247141,id3044,ZEA,1233,0.354133333,NA,2895.666667,1025.452088
3044,20/07/2015,15,-2.023,9.873490265,id3044,ZEA,1192.3,0.354133333,NA,2895.666667,1025.452088
3044,21/07/2015,16,,8.752033677,id3044,ZEA,1180.8,0.354133333,WP<-3 MPa and DEAD,2895.666667,1025.452088
4062,03/07/2015,0,-0.28,126.3427877,id4062,ZEA,2659.7,0.354133333,NA,3236.333333,1146.09351
4062,06/07/2015,1,-0.419,101.8508943,id4062,ZEA,2379,0.354133333,NA,3236.333333,1146.09351
4062,07/07/2015,2,-0.18,87.71592206,id4062,ZEA,2217,0.354133333,NA,3236.333333,1146.09351
4062,08/07/2015,3,-0.423,70.81503236,id4062,ZEA,2023.3,0.354133333,NA,3236.333333,1146.09351
4062,09/07/2015,4,-1.3,52.23888668,id4062,ZEA,1810.4,0.354133333,NA,3236.333333,1146.09351
4062,10/07/2015,5,-0.527,43.73172744,id4062,ZEA,1712.9,0.354133333,NA,3236.333333,1146.09351
4062,13/07/2015,8,-1.377,24.24815144,id4062,ZEA,1489.6,0.354133333,NA,3236.333333,1146.09351
4062,15/07/2015,10,-2.271,18.76866836,id4062,ZEA,1426.8,0.354133333,NA,3236.333333,1146.09351
4062,16/07/2015,11,-1.937,16.70949956,id4062,ZEA,1403.2,0.354133333,NA,3236.333333,1146.09351
4062,17/07/2015,12,-2.004,15.40943112,id4062,ZEA,1388.3,0.354133333,NA,3236.333333,1146.09351
4062,20/07/2015,15,-2.588,11.84951217,id4062,ZEA,1347.5,0.354133333,NA,3236.333333,1146.09351
4062,21/07/2015,16,,10.62797136,id4062,ZEA,1333.5,0.354133333,WP<-3 MPa and DEAD,3236.333333,1146.09351
